{
  "id": "35422aa4-1396-4e76-8ec6-c5560884df22",
  "name": "Beatrice",
  "displayName": "Beatrice",
  "dark": false,
  "author": "Unthrottled",
  "group": "Re Zero",
  "stickers": {
    "default": {
      "name": "beatrice.png",
      "anchor": "right",
      "opacity": 10
    }
  },
  "overrides": {
    "editorScheme": {
      "colors": {
        "accentColor": "#5c84da"
      }
    }
  },
  "colors": {
    "caretRow": "#ffdce6",
    "lineNumberColor": "#aaaaaa",
    "infoForeground": "#dd87a1",
    "completionWindowBackground": "#e7e5ea",
    "baseIconColor": "#af8da6",
    "contrastColor": "#f0c3e3",
    "nonProjectFileScopeColor": "#FFE4E3",
    "secondaryBackground": "#f5c1d4",
    "selectionForeground": "#f049da",
    "selectionBackground": "#fcc9f2",
    "headerColor": "#FFE0F0",
    "baseBackground": "#ffe4f1",
    "borderColor": "#F1D7E6",
    "buttonColor": "#fdd0e4",
    "selectionInactive": "#fdd3f1",
    "identifierHighlight": "#FFD9E2",
    "searchBackground": "#dc99bb",
    "searchForeground": "#232323",
    "buttonFont": "#252427",
    "foregroundColor": "#000000",
    "startColor": "#F25AAF",
    "highlightColor": "#ffd4ec",
    "disabledColor": "#ceaec7",
    "accentColorTransparent": "#78A5EB5A",
    "accentColorLessTransparent": "#78A5EB9A",
    "accentColorMoreTransparent": "#78A5EB2A",
    "accentColor": "#78A5EB",
    "accentColorDarker": "#2460ff",
    "accentColorSecondaryTransparent": "#E946865A",
    "accentColorSecondaryLessTransparent": "#E946869A",
    "accentColorSecondaryMoreTransparent": "#E946862A",
    "accentColorSecondary": "#E94686",
    "stopColor": "#fbadff",
    "testScopeColor": "#ede8e4",
    "popupMask": "#FFE0F030",
    "codeBlock": "#FDD8FF",
    "textEditorBackground": "#FFE5F1",
    "comments": "#7d6a7d",
    "foldedTextBackground": "#F1E5FA",
    "errorColor": "#ff5555",
    "classNameColor": "#df81b8",
    "htmlTagColor": "#C64EA1",
    "stringColor": "#DC872E",
    "keyColor": "#7C75EF",
    "constantColor": "#4C94D6",
    "keywordColor": "#C869A3",
    "terminal.ansiGreen": "#3dd664",
    "diff.conflict": "#FFA9BF",
    "diff.deleted": "#EBD1DE",
    "lightEditorColor": "#ffe0ea",
    "breakpointColor": "#ffe9c5",
    "breakpointActiveColor": "#c3edb2",
    "fileBlue": "#d4d0f3",
    "fileGray": "#e4cbd8",
    "fileRose": "#f3b6d6",
    "fileOrange": "#f7c1ad",
    "fileViolet": "#efc4ef",
    "fileYellow": "#f1d9b3",
    "fileRed": "#f0a4af",
    "filePurple": "#d2a3e6"
  },
  "characterId": "09815ed9-0dbd-4da6-9f6b-c7b2c54c0459"
}