{
  "id": "01e61500-862c-41cd-b653-48d2ef7b1882",
  "name": "Misaka Mikoto",
  "displayName": "Mikoto",
  "dark": true,
  "author": "Unthrottled",
  "group": "Toaru Majutsu no Index",
  "stickers": {
    "default": {
      "name": "mikoto_dark.png",
      "anchor": "right",
      "opacity": 11
    }
  },
  "overrides": {
    "editorScheme": {
      "colors": {
        "accentColor": "#f3b085",
        "startColor": "#eead59"
      }
    }
  },
  "colors": {
    "comments": "#5c6c9e",
    "caretRow": "#112358",
    "lineNumberColor": "#5d6680",
    "baseIconColor": "#667195",
    "contrastColor": "#1a3b53",
    "nonProjectFileScopeColor": "#1e2532",
    "secondaryBackground": "#030e24",
    "selectionForeground": "#fbfbfb",
    "headerColor": "#0b1633",
    "baseBackground": "#0d193b",
    "borderColor": "#101f4a",
    "buttonColor": "#28325a",
    "selectionInactive": "#0a3054",
    "identifierHighlight": "#1b3371",
    "selectionBackground": "#05649c",
    "selectionBackgroundTransparent": "#05649cAA",
    "searchBackground": "#127B1B",
    "searchForeground": "#fefefe",
    "buttonFont": "#ada19c",
    "foregroundColor": "#dbdbdb",
    "highlightColor": "#203468",
    "disabledColor": "#565871",
    "accentColorTransparent": "#3eb7e55A",
    "accentColorLessTransparent": "#3eb7e59A",
    "accentColorMoreTransparent": "#3eb7e52A",
    "accentColor": "#3eb7e5",
    "accentContrastColor": "#182f42",
    "infoForeground": "#70bfbc",
    "startColor": "#534e57",
    "stopColor": "#58ebff",
    "testScopeColor": "#0a2832",
    "popupMask": "#928d8d05",
    "codeBlock": "#0a2458",
    "foldedTextBackground": "#16295e",
    "textEditorBackground": "#0b173a",
    "errorColor": "#ff2525",
    "constantColor": "#EA7797",
    "unusedColor": "#4e565e",
    "classNameColor": "#8BEF85",
    "htmlTagColor": "#7286F5",
    "stringColor": "#A2EEFC",
    "keyColor": "#FFE35C",
    "keywordColor": "#57e1ee",
    "diff.modified": "#183059",
    "diff.inserted": "#122C12",
    "diff.conflict": "#3F1A22",
    "diff.deleted": "#232C3E",
    "lightEditorColor": "#0f1e4c",
    "breakpointColor": "#2e3740",
    "breakpointActiveColor": "#154337",
    "fileBlue": "#0e2c59",
    "fileGray": "#1e273e",
    "fileRose": "#2d1d41",
    "fileOrange": "#342a2e",
    "fileViolet": "#1c1e51",
    "fileYellow": "#283032",
    "fileRed": "#281831",
    "filePurple": "#1a174a"
  },
  "characterId": "5d24d4f9-620c-426a-8c05-36ff3e843a8c"
}