{
  "id": "13407818-da66-432b-94e3-fd2192e98118",
  "name": "Maple Dark",
  "displayName": "Maple",
  "dark": true,
  "author": "Unthrottled",
  "group": "NekoPara",
  "stickers": {
    "default": {
      "name": "maple_dark.png",
      "anchor": "right",
      "opacity": 5
    }
  },
  "overrides": {
    "editorScheme": {
      "colors": {
        "accentColor": "#ad8cee",
        "startColor": "#6be9ff"
      }
    }
  },
  "colors": {
    "comments": "#807571",
    "caretRow": "#352121",
    "lineNumberColor": "#6c5b55",
    "baseIconColor": "#7d7172",
    "contrastColor": "#2d5548",
    "nonProjectFileScopeColor": "#34261a",
    "secondaryBackground": "#2a1818",
    "selectionForeground": "#fbfbfb",
    "headerColor": "#2f1b1b",
    "baseBackground": "#321f1f",
    "borderColor": "#412828",
    "buttonColor": "#422c2c",
    "selectionInactive": "#2e2f2a",
    "identifierHighlight": "#3f2727",
    "selectionBackground": "#295043",
    "selectionBackgroundTransparent": "#295043AA",
    "searchBackground": "#734F2B",
    "searchForeground": "#fbfbfb",
    "buttonFont": "#ada89c",
    "foregroundColor": "#cccccc",
    "highlightColor": "#2e2f2a",
    "disabledColor": "#6f6764",
    "accentColorTransparent": "#46ab795A",
    "accentColorLessTransparent": "#46ab799A",
    "accentColorMoreTransparent": "#46ab792A",
    "accentColor": "#46ab79",
    "accentContrastColor": "#1D4230",
    "infoForeground": "#bfb38c",
    "startColor": "#595959",
    "stopColor": "#52eeb4",
    "testScopeColor": "#2e251b",
    "popupMask": "#928d8d05",
    "codeBlock": "#2e2b26",
    "foldedTextBackground": "#3c2727",
    "textEditorBackground": "#2d1d1d",
    "errorColor": "#ff2525",
    "constantColor": "#ec93a1",
    "unusedColor": "#606867",
    "classNameColor": "#ee7fdc",
    "htmlTagColor": "#fd9144",
    "stringColor": "#F6E9CB",
    "keyColor": "#4fe1a9",
    "keywordColor": "#FFD448",
    "diff.modified": "#1B3A47",
    "diff.inserted": "#1E3425",
    "diff.conflict": "#4B2424",
    "diff.deleted": "#2F2A2A",
    "lightEditorColor": "#321f1f",
    "breakpointColor": "#3e2f23",
    "breakpointActiveColor": "#31471f",
    "fileBlue": "#2b3046",
    "fileGray": "#3b2b2b",
    "fileRose": "#4a212e",
    "fileOrange": "#472816",
    "fileViolet": "#39223d",
    "fileYellow": "#47351e",
    "fileRed": "#461c1c",
    "filePurple": "#381c35"
  },
  "characterId": "d084cd27-e333-4c08-a43d-9b01fa919c41"
}