{
  "type": "COLOR",
  "name": "light",
  "extends": "base",
  "colors": {
    "terminal.ansiGreen": "#3ab55b",
    "terminal.ansiYellow": "#db974d",
    "terminal.ansiCyan": "#0896AD",
    "constantColor": "#4C94D6",
    "comments": "#6a737d",
    "constantsColor": "&constantColor&",
    "accentContrastColor": "#FFFFFF",
    "lineNumberColor": "#aaaaaa",
    "foregroundColorEditor": "#4D4D4A",
    "parameterColor": "&accentColor&",
    "unusedColor": "#B7B7B7",
    "diff.deleted": "#EBEBEB",
    "diff.conflict": "#FFB6AE",
    "diff.inserted": "#D0FDC9",
    "diff.modified": "#9fe7ff"
  }
}
