{
  "id": "91415015-8fe3-48eb-9951-70a5cd6cbb7f",
  "name": "Natsuki Light",
  "displayName": "Natsuki",
  "dark": false,
  "author": "Unthrottled",
  "group": "Literature Club",
  "stickers": {
    "default": {
      "name": "natsuki.png",
      "anchor": "right",
      "opacity": 15
    },
    "secondary": {
      "name": "natsuki_joy.png",
      "anchor": "center",
      "opacity": 10
    }
  },
  "overrides": {
    "editorScheme": {
      "colors": {
        "accentColor": "#EE5687"
      }
    }
  },
  "colors": {
    "caretRow": "#ffdce6",
    "lineNumberColor": "#aaaaaa",
    "infoForeground": "#dd87a1",
    "completionWindowBackground": "#e7e5ea",
    "baseIconColor": "#af8da6",
    "contrastColor": "#f0c3e3",
    "nonProjectFileScopeColor": "#FFE4E3",
    "secondaryBackground": "#f5c1d4",
    "selectionForeground": "#f049da",
    "selectionBackground": "#fcc9f2",
    "headerColor": "#FFE0F0",
    "baseBackground": "#ffe4f1",
    "borderColor": "#F1D7E6",
    "buttonColor": "#fdd0e4",
    "selectionInactive": "#fdd3f1",
    "identifierHighlight": "#FFD9E2",
    "comments": "#7d6a7d",
    "searchBackground": "#dc99bb",
    "searchForeground": "#ffffff",
    "buttonFont": "#252427",
    "foregroundColor": "#000000",
    "startColor": "#F25AAF",
    "highlightColor": "#ffd4ec",
    "disabledColor": "#ceaec7",
    "accentColorTransparent": "#E946865A",
    "accentColorLessTransparent": "#E946869A",
    "accentColorMoreTransparent": "#E946862A",
    "accentColor": "#E94686",
    "stopColor": "#fbadff",
    "testScopeColor": "#ede8e4",
    "popupMask": "#FFE0F030",
    "codeBlock": "#FDD8FF",
    "textEditorBackground": "#FFE5F1",
    "foldedTextBackground": "#F1E5FA",
    "errorColor": "#ff5555",
    "classNameColor": "#df81b8",
    "htmlTagColor": "#df81b8",
    "stringColor": "#DC872E",
    "keyColor": "#7C75EF",
    "constantColor": "#4C94D6",
    "keywordColor": "#C869A3",
    "terminal.ansiGreen": "#3dd664",
    "diff.conflict": "#FFA9BF",
    "diff.deleted": "#EBD1DE",
    "lightEditorColor": "#ffe0ea",
    "breakpointColor": "#ffe9c5",
    "breakpointActiveColor": "#c3edb2",
    "fileBlue": "#d4d0f3",
    "fileGray": "#e4cbd8",
    "fileRose": "#f3b6d6",
    "fileOrange": "#f7c1ad",
    "fileViolet": "#efc4ef",
    "fileYellow": "#f1d9b3",
    "fileRed": "#f0a4af",
    "filePurple": "#d2a3e6"
  },
  "characterId": "fad9c309-22c2-4a06-8275-1bb3ccdbda21"
}