{
  "id": "6428e1ff-202c-4a43-afb3-9999ebe3b2ca",
  "name": "Christmas Chocola",
  "displayName": "Chocola",
  "dark": true,
  "author": "Unthrottled",
  "group": "NekoPara",
  "stickers": {
    "default": {
      "name": "chocola_xmas.png",
      "anchor": "center",
      "opacity": 7
    }
  },
  "overrides": {
    "editorScheme": {
      "colors": {
        "accentColor": "#f16e7f",
        "startColor": "#597cee"
      }
    }
  },
  "colors": {
    "comments": "#A26673",
    "caretRow": "#4f1b27",
    "lineNumberColor": "#6d816c",
    "baseIconColor": "#816c73",
    "contrastColor": "#3d553e",
    "nonProjectFileScopeColor": "#3b1f20",
    "secondaryBackground": "#14271c",
    "selectionForeground": "#fefefe",
    "headerColor": "#37131b",
    "baseBackground": "#3c161f",
    "borderColor": "#4b1c27",
    "buttonColor": "#541827",
    "selectionInactive": "#2e2f24",
    "identifierHighlight": "#2e2c1e",
    "selectionBackground": "#1f422d",
    "selectionBackgroundTransparent": "#195020AA",
    "searchBackground": "#710E1B",
    "searchForeground": "#fefefe",
    "buttonFont": "#b4afa2",
    "foregroundColor": "#d3d3d3",
    "highlightColor": "#4e1d2a",
    "disabledColor": "#65515c",
    "accentColorTransparent": "#2393245A",
    "accentColorLessTransparent": "#2393249A",
    "accentColorMoreTransparent": "#2393242A",
    "accentColor": "#239324",
    "accentContrastColor": "#182f42",
    "infoForeground": "#56b36f",
    "startColor": "#595959",
    "stopColor": "#e66895",
    "testScopeColor": "#1f2f27",
    "popupMask": "#89232305",
    "codeBlock": "#342422",
    "foldedTextBackground": "#491925",
    "textEditorBackground": "#3a141d",
    "textEditorBackgroundLegacy": "#172b1f",
    "constantColor": "#96b7fb",
    "unusedColor": "#674d54",
    "errorColor": "#ff1212",
    "classNameColor": "#f689f6",
    "htmlTagColor": "#DC3A3A",
    "stringColor": "#C2FFAA",
    "keyColor": "#77EA6E",
    "keywordColor": "#F63E54",
    "diff.modified": "#164150",
    "diff.inserted": "#113B1B",
    "diff.conflict": "#4B2424",
    "diff.deleted": "#263631",
    "lightEditorColor": "#471823",
    "breakpointColor": "#533026",
    "breakpointActiveColor": "#3b361f",
    "fileBlue": "#322a46",
    "fileGray": "#42242b",
    "fileRose": "#511a2e",
    "fileOrange": "#58271b",
    "fileViolet": "#3f1c3d",
    "fileYellow": "#4e2e1e",
    "fileRed": "#4d151c",
    "filePurple": "#3f1535"
  },
  "characterId": "ffee66e6-e692-4900-a4d5-c646e9794c54"
}