{
  "id": "ecb74f1c-8c84-40c4-916f-601039ba2af0",
  "name": "Ram",
  "displayName": "Ram",
  "dark": true,
  "author": "Unthrottled",
  "group": "Re Zero",
  "stickers": {
    "default": {
      "name": "ram.png",
      "anchor": "right",
      "opacity": 7
    }
  },
  "overrides": {
    "editorScheme": {
      "colors": {
        "accentColor": "#e88def",
        "startColor": "#e565ee",
        "nonProjectFileScopeColor": "#343635",
        "testScopeColor": "#2f393a",
        "borderColor": "#302930"
      }
    }
  },
  "colors": {
    "caretRow": "#353139",
    "lineNumberColor": "#666879",
    "infoForeground": "#ab7b9d",
    "completionWindowBackground": "#32393F",
    "baseIconColor": "#717981",
    "contrastColor": "#3c303d",
    "nonProjectFileScopeColor": "#313332",
    "secondaryBackground": "#373139",
    "selectionForeground": "#fbfbfb",
    "inactiveBackground": "#2c272e",
    "inactiveBackgroundDarker": "#333037",
    "headerColor": "#2b252b",
    "baseBackground": "#302930",
    "borderColor": "#362d39",
    "buttonColor": "#373237",
    "selectionInactive": "#413a44",
    "identifierHighlight": "#3e3741",
    "selectionBackground": "#7a546f",
    "selectionBackgroundTransparent": "#7a546fAA",
    "searchBackground": "#4C637A",
    "searchForeground": "#fbfbfb",
    "buttonFont": "#b895c9",
    "foregroundColor": "#bbbbbb",
    "startColor": "#595959",
    "highlightColor": "#3c353b",
    "disabledColor": "#6c586f",
    "accentColorTransparent": "#e594bf5A",
    "accentColorLessTransparent": "#e594bf9A",
    "accentColorMoreTransparent": "#e594bf2A",
    "accentColor": "#e594bf",
    "accentContrastColor": "#271c21",
    "stopColor": "#e565ee",
    "testScopeColor": "#2c3436",
    "popupMask": "#EAEAF00A",
    "codeBlock": "#42283e",
    "textEditorBackground": "#342c34",
    "foldedTextBackground": "#322634",
    "comments": "#987fa5",
    "classNameColor": "#FBFF90",
    "constantColor": "#85FFEF",
    "htmlTagColor": "#C84EB8",
    "stringColor": "#a1e9ff",
    "keyColor": "#9d8df6",
    "keywordColor": "#ef57bf",
    "diff.deleted": "#3B393A",
    "diff.inserted": "#1B3B1C",
    "lightEditorColor": "#353038",
    "breakpointColor": "#453f3a",
    "breakpointActiveColor": "#365533",
    "fileBlue": "#2d3e59",
    "fileGray": "#3d393e",
    "fileRose": "#4d2f41",
    "fileOrange": "#4a3629",
    "fileViolet": "#3b3051",
    "fileYellow": "#494332",
    "fileRed": "#492b31",
    "filePurple": "#3b2a4a"
  },
  "characterId": "7c9e63e7-f342-4779-9cd8-e2f98d1331ca"
}