{
  "id": "8e8773ee-4bbb-4812-b311-005f04f6bb20",
  "name": "Katsuragi Misato",
  "displayName": "Misato",
  "dark": true,
  "author": "Unthrottled",
  "group": "Evangelion",
  "product": "community",
  "stickers": {
    "default": {
      "name": "misato_dark.png",
      "anchor": "center",
      "opacity": 7
    }
  },
  "overrides": {
    "editorScheme": {
      "colors": {
        "accentColor": "#42E66C",
        "startColor": "#ff7400"
      }
    }
  },
  "colors": {
    "caretRow": "#402d41",
    "lineNumberColor": "#666879",
    "contrastColor": "#341F2D",
    "nonProjectFileScopeColor": "#413037",
    "secondaryBackground": "#382639",
    "selectionForeground": "#ffffff",
    "inactiveBackground": "#49434c",
    "inactiveBackgroundDarker": "#3c373f",
    "headerColor": "#3d2536",
    "baseBackground": "#3a2333",
    "borderColor": "#432E3D",
    "buttonColor": "#341F2D",
    "selectionInactive": "#4b283c",
    "identifierHighlight": "#4b283c",
    "selectionBackground": "#8a2b4d",
    "selectionBackgroundTransparent": "#8a2b4d55",
    "searchBackground": "#278650",
    "searchForeground": "#ffffff",
    "buttonFont": "#bbbbbb",
    "foregroundColor": "#b5a3b0",
    "startColor": "#6d4466",
    "highlightColor": "#403046",
    "disabledColor": "#525C6F",
    "accentColorTransparent": "#c2383e5A",
    "accentColorLessTransparent": "#c2383e9A",
    "accentColorMoreTransparent": "#c2383e2A",
    "accentColor": "#c2383e",
    "accentContrastColor": "#362839",
    "stopColor": "#ec1f62",
    "testScopeColor": "#28382D",
    "popupMask": "#EAEAF009",
    "infoForeground": "#8c72a9",
    "baseIconColor": "#767290",
    "codeBlock": "#322130",
    "textEditorBackground": "#382536",
    "foldedTextBackground": "#322130",
    "comments": "#786598",
    "classNameColor": "#6AADFF",
    "htmlTagColor": "#BD84DD",
    "stringColor": "#FAF7BA",
    "keyColor": "#FF357C",
    "keywordColor": "#BD84DD",
    "diff.deleted": "#423943",
    "lightEditorColor": "#3d2a3d",
    "breakpointColor": "#48363a",
    "breakpointActiveColor": "#3a4d33",
    "fileBlue": "#36385c",
    "fileGray": "#463341",
    "fileRose": "#562944",
    "fileOrange": "#53302c",
    "fileViolet": "#442a53",
    "fileYellow": "#533d35",
    "fileRed": "#522533",
    "filePurple": "#44244c"
  },
  "characterId": "ecbd7404-2fab-4753-879b-c9a943db1f95"
}