{
  "id": "2d1112ac-04ab-4f78-82c4-22e5e2c1754b",
  "name": "Sonoda Umi",
  "displayName": "Umi",
  "dark": true,
  "author": "Unthrottled",
  "group": "Love Live",
  "stickers": {
    "default": {
      "name": "umi_dark.png",
      "anchor": "center",
      "opacity": 7
    }
  },
  "overrides": {
    "editorScheme": {
      "colors": {
        "startColor": "#e4ff10"
      }
    }
  },
  "colors": {
    "caretRow": "#181A46",
    "lineNumberColor": "#5e5e79",
    "completionWindowBackground": "#24222b",
    "baseIconColor": "#656d82",
    "contrastColor": "#665543",
    "nonProjectFileScopeColor": "#252540",
    "secondaryBackground": "#151739",
    "selectionForeground": "#fbfbfb",
    "inactiveBackground": "#2a2931",
    "inactiveBackgroundDarker": "#1f1e24",
    "headerColor": "#191b44",
    "baseBackground": "#15173e",
    "borderColor": "#1c1f50",
    "buttonColor": "#202440",
    "selectionInactive": "#202649",
    "identifierHighlight": "#282e53",
    "selectionBackground": "#272A59",
    "selectionBackgroundTransparent": "#272A59AA",
    "searchBackground": "#47264B",
    "searchForeground": "#fbfbfb",
    "buttonFont": "#a0a0a7",
    "foregroundColor": "#d0d0d0",
    "startColor": "#3f3c45",
    "highlightColor": "#1e214b",
    "disabledColor": "#585966",
    "accentColorTransparent": "#EFA5545A",
    "accentColorLessTransparent": "#EFA5549A",
    "accentColorMoreTransparent": "#EFA5542A",
    "accentColor": "#EFA554",
    "accentColorOverride": "#5e4ba0",
    "accentColorOverrideTransparent": "#5e4ba05A",
    "accentColorOverrideMoreTransparent": "#5e4ba02A",
    "accentContrastColor": "#272727",
    "infoForeground": "#6878c2",
    "stopColor": "#344acb",
    "testScopeColor": "#172741",
    "popupMask": "#8d7fc109",
    "codeBlock": "#181a47",
    "foldedTextBackground": "#191c49",
    "textEditorBackground": "#15173c",
    "unusedColor": "#3D3D42",
    "classNameColor": "#78F5F0",
    "htmlTagColor": "#FF357C",
    "stringColor": "#FFF6B3",
    "keyColor": "#BD84DD",
    "keywordColor": "#58b7ff",
    "diff.inserted": "#192f24",
    "diff.deleted": "#212140",
    "lightEditorColor": "#171942",
    "breakpointColor": "#28293f",
    "breakpointActiveColor": "#1d4238",
    "fileBlue": "#193067",
    "fileGray": "#292b4c",
    "fileRose": "#38214f",
    "fileOrange": "#362837",
    "fileViolet": "#27225e",
    "fileYellow": "#343541",
    "fileRed": "#341c3f",
    "filePurple": "#261c58"
  },
  "characterId": "9385f594-ba32-4a08-a13d-f346b9294947"
}