{
  "id": "be058474-b967-4afb-b6d9-bda1948b33ec",
  "name": "Konata",
  "displayName": "Konata",
  "dark": true,
  "author": "Unthrottled",
  "group": "Lucky Star",
  "stickers": {
    "default": {
      "name": "konata_dark.png",
      "anchor": "center",
      "opacity": 7
    },
    "secondary": {
      "name": "konata_dark_secondary.png",
      "anchor": "center",
      "opacity": 7
    }
  },
  "meta": {
    "isVivid": "true"
  },
  "overrides": {
    "editorScheme": {
      "colors": {
        "accentColor": "#60ff62",
        "startColor": "#60ff62"
      }
    }
  },
  "colors": {
    "caretRow": "#3d5d96",
    "lineNumberColor": "#ffffff",
    "completionWindowBackground": "#e7e5ea",
    "baseIconColor": "#f2fdff",
    "contrastColor": "#27494f",
    "nonProjectFileScopeColor": "#3d4b70",
    "secondaryBackground": "#344d82",
    "selectionForeground": "#e7e9ff",
    "inactiveBackground": "#e4ebee",
    "inactiveBackgroundDarker": "#e1e8ed",
    "headerColor": "#314978",
    "baseBackground": "#334c7d",
    "borderColor": "#3e5d99",
    "buttonColor": "#4e608d",
    "selectionInactive": "#39558d",
    "identifierHighlight": "#3a5a93",
    "selectionBackground": "#3a6c75",
    "selectionBackgroundTransparent": "#3a6c7533",
    "searchBackground": "#6a527e",
    "searchForeground": "#e7e9ff",
    "buttonFont": "#f6f1ff",
    "foregroundColor": "#f3edff",
    "infoForeground": "#addfa9",
    "startColor": "#4bcf4c",
    "highlightColor": "#526495",
    "disabledColor": "#93A5BA",
    "accentColorTransparent": "#4bcf4c5A",
    "accentColorLessTransparent": "#4bcf4c9A",
    "accentColorMoreTransparent": "#4bcf4c2A",
    "accentColor": "#4bcf4c",
    "accentColorBrighter": "#60ff62",
    "accentContrastColor": "#355082",
    "stopColor": "#98ff3d",
    "testScopeColor": "#2d5572",
    "popupMask": "#648adc20",
    "codeBlock": "#3e5f99",
    "textEditorBackground": "#355082",
    "foldedTextBackground": "#3b5a91",
    "classNameColor": "#cda8fa",
    "htmlTagColor": "#f4ffa2",
    "stringColor": "#fc9ee6",
    "keyColor": "#fffd9b",
    "keywordColor": "#ffc9d7",
    "constantColor": "#f6be8b",
    "comments": "#B0C0FC",
    "unusedColor": "#A5A1A1",
    "terminal.ansiRed": "#FF7AB2",
    "terminal.ansiGreen": "#54ea7c",
    "terminal.ansiYellow": "#fdaa39",
    "terminal.ansiBlue": "#B39AFF",
    "terminal.ansiMagenta": "#FF91BF",
    "terminal.ansiCyan": "#6DD6EE",
    "diff.deleted": "#4F6387",
    "diff.conflict": "#554069",
    "diff.inserted": "#1E6168",
    "diff.modified": "#3C64C9",
    "lightEditorColor": "#3a588e",
    "breakpointColor": "#465d80",
    "breakpointActiveColor": "#377071",
    "fileBlue": "#2d5591",
    "fileGray": "#3d5076",
    "fileRose": "#4c4679",
    "fileOrange": "#494d61",
    "fileViolet": "#3b4789",
    "fileYellow": "#495c6d",
    "fileRed": "#48436c",
    "filePurple": "#3a4385"
  },
  "characterId": "d177d57c-7503-4ed0-aef0-2e01c75c6d09"
}