{
  "id": "432fdab1-b8fa-412e-8cca-1844f18a1a43",
  "name": "Coconut",
  "displayName": "Coconut",
  "dark": true,
  "author": "Unthrottled",
  "group": "NekoPara",
  "stickers": {
    "default": {
      "name": "coconut_dark.png",
      "anchor": "right",
      "opacity": 6
    }
  },
  "overrides": {
    "editorScheme": {
      "colors": {
        "accentColor": "#9bf8ff",
        "startColor": "#9467ee"
      }
    }
  },
  "colors": {
    "comments": "#6f6880",
    "caretRow": "#393243",
    "lineNumberColor": "#605a6c",
    "baseIconColor": "#746c7d",
    "contrastColor": "#463d55",
    "nonProjectFileScopeColor": "#393537",
    "secondaryBackground": "#2d2735",
    "selectionForeground": "#fefefe",
    "headerColor": "#312c3a",
    "baseBackground": "#3a3143",
    "borderColor": "#453b4e",
    "buttonColor": "#3e3948",
    "selectionInactive": "#2e3b53",
    "identifierHighlight": "#423a4b",
    "selectionBackground": "#255b82",
    "selectionBackgroundTransparent": "#255b82AA",
    "searchBackground": "#635628",
    "searchForeground": "#fefefe",
    "buttonFont": "#b4afa2",
    "foregroundColor": "#d3d3d3",
    "highlightColor": "#473b58",
    "disabledColor": "#625b6f",
    "accentColorTransparent": "#d2b5035A",
    "accentColorLessTransparent": "#d2b5039A",
    "accentColorMoreTransparent": "#d2b5032A",
    "accentColor": "#d2b503",
    "accentContrastColor": "#182f42",
    "infoForeground": "#b0a17f",
    "startColor": "#595959",
    "stopColor": "#e5e66f",
    "testScopeColor": "#2e3637",
    "popupMask": "#928d8d05",
    "codeBlock": "#2f3354",
    "foldedTextBackground": "#383142",
    "textEditorBackground": "#312b3a",
    "constantColor": "#50b5d1",
    "unusedColor": "#545c5b",
    "classNameColor": "#f689f6",
    "htmlTagColor": "#ff858c",
    "stringColor": "#F6E9CB",
    "keyColor": "#48eae4",
    "keywordColor": "#b897f6",
    "diff.modified": "#244658",
    "diff.inserted": "#233D2A",
    "diff.conflict": "#492929",
    "diff.deleted": "#373645",
    "lightEditorColor": "#362f3f",
    "breakpointColor": "#423b3e",
    "breakpointActiveColor": "#345237",
    "fileBlue": "#2d3e5f",
    "fileGray": "#3d3944",
    "fileRose": "#4c2f47",
    "fileOrange": "#49362f",
    "fileViolet": "#3b3056",
    "fileYellow": "#494338",
    "fileRed": "#482b37",
    "filePurple": "#3a2a50"
  },
  "characterId": "061802c4-af52-4c8d-8678-0d70f8b219f7"
}