{
  "id": "fb25d871-4a7c-49f5-9426-1f7eb00c2699",
  "name": "Yukihira Soma",
  "displayName": "Soma",
  "dark": true,
  "author": "Unthrottled",
  "group": "Shokugeki no Soma",
  "stickers": {
    "default": {
      "name": "soma_dark.png",
      "anchor": "right",
      "opacity": 12
    }
  },
  "overrides": {
    "editorScheme": {
      "colors": {
        "accentColor": "#EA7777",
        "startColor": "#59EEE9"
      }
    }
  },
  "colors": {
    "comments": "#617391",
    "caretRow": "#172c43",
    "lineNumberColor": "#5d6c80",
    "baseIconColor": "#5f6469",
    "contrastColor": "#53201a",
    "nonProjectFileScopeColor": "#232b21",
    "secondaryBackground": "#06111d",
    "selectionForeground": "#fbfbfb",
    "headerColor": "#0c1c2e",
    "baseBackground": "#122235",
    "borderColor": "#233a55",
    "buttonColor": "#293b54",
    "selectionInactive": "#361c2b",
    "identifierHighlight": "#27405b",
    "selectionBackground": "#4f1d27",
    "selectionBackgroundTransparent": "#4f1d27AA",
    "searchBackground": "#3B65B3",
    "searchForeground": "#fefefe",
    "buttonFont": "#ada19c",
    "foregroundColor": "#dbdbdb",
    "highlightColor": "#37232d",
    "disabledColor": "#627282",
    "accentColorTransparent": "#d133585A",
    "accentColorLessTransparent": "#d133589A",
    "accentColorMoreTransparent": "#d133582A",
    "accentColor": "#d13358",
    "accentContrastColor": "#182f42",
    "infoForeground": "#6e89ad",
    "startColor": "#271f2f",
    "stopColor": "#dc3f52",
    "testScopeColor": "#092c2a",
    "popupMask": "#928d8d05",
    "codeBlock": "#251a2b",
    "foldedTextBackground": "#152940",
    "textEditorBackground": "#09192b",
    "errorColor": "#ff1717",
    "constantColor": "#FFA6E1",
    "unusedColor": "#788189",
    "classNameColor": "#FF984B",
    "htmlTagColor": "#B39CFF",
    "stringColor": "#4BFF75",
    "keyColor": "#8ACAFF",
    "keywordColor": "#FFEF41",
    "diff.modified": "#204874",
    "diff.inserted": "#09401D",
    "diff.conflict": "#5C1B2F",
    "diff.deleted": "#363B40",
    "lightEditorColor": "#112439",
    "breakpointColor": "#283432",
    "breakpointActiveColor": "#113a2b",
    "fileBlue": "#0f3155",
    "fileGray": "#1f2c3a",
    "fileRose": "#2e223d",
    "fileOrange": "#352e2a",
    "fileViolet": "#1d234c",
    "fileYellow": "#29352e",
    "fileRed": "#281d2c",
    "filePurple": "#1b1c46"
  },
  "characterId": "e39f8b55-a788-4d7a-8d76-2927745b7e5e"
}