{
  "id": "22d0250f-a33b-409a-9cef-22f5eb69fc3d",
  "name": "Genos",
  "displayName": "Genos",
  "dark": true,
  "author": "Unthrottled",
  "group": "One Punch Man",
  "stickers": {
    "default": {
      "name": "genos_dark.png",
      "anchor": "right",
      "opacity": 10
    }
  },
  "overrides": {
    "editorScheme": {
      "colors": {
        "accentColor": "#8dff4b",
        "startColor": "#eead59"
      }
    }
  },
  "colors": {
    "comments": "#918561",
    "caretRow": "#3f4143",
    "lineNumberColor": "#80755d",
    "baseIconColor": "#636168",
    "contrastColor": "#53431a",
    "nonProjectFileScopeColor": "#353823",
    "secondaryBackground": "#232529",
    "selectionForeground": "#fbfbfb",
    "headerColor": "#252627",
    "baseBackground": "#2f3031",
    "borderColor": "#3b3c3e",
    "buttonColor": "#434247",
    "selectionInactive": "#3f3d38",
    "identifierHighlight": "#4b4d50",
    "selectionBackground": "#605d51",
    "selectionBackgroundTransparent": "#605d51AA",
    "searchBackground": "#9A561A",
    "searchForeground": "#fefefe",
    "buttonFont": "#ada19c",
    "foregroundColor": "#dbdbdb",
    "highlightColor": "#3e4036",
    "disabledColor": "#566171",
    "accentColorTransparent": "#ddc7a15A",
    "accentColorLessTransparent": "#ddc7a19A",
    "accentColorMoreTransparent": "#ddc7a12A",
    "accentColor": "#ddc7a1",
    "accentContrastColor": "#182f42",
    "infoForeground": "#ad9e6e",
    "startColor": "#dcd195ff",
    "stopColor": "#faf58fff",
    "testScopeColor": "#233125",
    "popupMask": "#928d8d05",
    "codeBlock": "#463e33",
    "foldedTextBackground": "#27282a",
    "textEditorBackground": "#313234",
    "errorColor": "#ff2525",
    "constantColor": "#EA7777",
    "unusedColor": "#788189",
    "classNameColor": "#B39CFF",
    "htmlTagColor": "#FCA3C8",
    "stringColor": "#FF984B",
    "keyColor": "#FFE35C",
    "keywordColor": "#8ACAFF",
    "diff.modified": "#204874",
    "diff.inserted": "#244E13",
    "diff.conflict": "#5C1B2F",
    "diff.deleted": "#40474E",
    "lightEditorColor": "#393b3d",
    "breakpointColor": "#4b4a3a",
    "breakpointActiveColor": "#335032",
    "fileBlue": "#233950",
    "fileGray": "#333435",
    "fileRose": "#422a38",
    "fileOrange": "#493725",
    "fileViolet": "#312b47",
    "fileYellow": "#3e3e28",
    "fileRed": "#3e2526",
    "filePurple": "#302540"
  },
  "characterId": "45461cbd-62bc-4aec-b5f9-ed6d4b369197"
}