{
  "id": "ea9a13f6-fa7f-46a4-ba6e-6cefe1f55160",
  "name": "Rias: Onyx",
  "displayName": "Rias",
  "dark": true,
  "author": "Unthrottled",
  "group": "High School DxD",
  "stickers": {
    "default": {
      "name": "rias_onyx.png",
      "anchor": "center",
      "opacity": 7
    },
    "secondary": {
      "name": "rias_onyx_spicy.png",
      "anchor": "center",
      "opacity": 7
    }
  },
  "overrides": {
    "editorScheme": {
      "colors": {
        "accentColor": "#C04750",
        "startColor": "#e03392"
      }
    }
  },
  "colors": {
    "caretRow": "#1e0607",
    "lineNumberColor": "#97706f",
    "infoForeground": "#6e2727",
    "completionWindowBackground": "#32393F",
    "baseIconColor": "#795b5e",
    "contrastColor": "#1e0809",
    "nonProjectFileScopeColor": "#130700",
    "secondaryBackground": "#1c0607",
    "selectionForeground": "#fbfbfb",
    "inactiveBackground": "#2a272e",
    "inactiveBackgroundDarker": "#333037",
    "headerColor": "#100000",
    "baseBackground": "#130000",
    "borderColor": "#220000",
    "buttonColor": "#2b0808",
    "selectionInactive": "#220708",
    "identifierHighlight": "#220708",
    "selectionBackground": "#390c10",
    "selectionBackgroundTransparent": "#390c10aa",
    "searchBackground": "#0F625A",
    "searchForeground": "#fbfbfb",
    "buttonFont": "#996b6b",
    "foregroundColor": "#d8d8d8",
    "startColor": "#491b1b",
    "highlightColor": "#2e090b",
    "disabledColor": "#584445",
    "accentColorTransparent": "#7C171F5A",
    "accentColorLessTransparent": "#7C171F9A",
    "accentColorMoreTransparent": "#7C171F2A",
    "accentColor": "#7C171F",
    "accentContrastColor": "#3f3d42",
    "stopColor": "#9a101f",
    "testScopeColor": "#0f0a00",
    "popupMask": "#EAEAF005",
    "codeBlock": "#1d0406",
    "textEditorBackground": "#100000",
    "foldedTextBackground": "#280a0b",
    "comments": "#694f4d",
    "constantColor": "#E356A7",
    "classNameColor": "#5a84dd",
    "htmlTagColor": "#6297a2",
    "stringColor": "#F6E3CC",
    "keyColor": "#b2dbe3",
    "keywordColor": "#27c0b4",
    "diff.deleted": "#1c1214",
    "diff.conflict": "#471316",
    "diff.inserted": "#0c230b",
    "diff.modified": "#121e31",
    "lightEditorColor": "#180404",
    "breakpointColor": "#241408",
    "breakpointActiveColor": "#192f07",
    "fileBlue": "#121a30",
    "fileGray": "#221515",
    "fileRose": "#310b18",
    "fileOrange": "#2e1200",
    "fileViolet": "#200c27",
    "fileYellow": "#2c1d07",
    "fileRed": "#2c0505",
    "filePurple": "#1e041e"
  },
  "characterId": "ae37c6ec-82fa-4e8b-b1a5-e7c2f4621fc6"
}