{
  "id": "62a4f26f-34b2-46f8-a10c-798e48c1ce9d",
  "name": "Ishtar Dark",
  "displayName": "Ishtar",
  "dark": true,
  "author": "Unthrottled",
  "group": "Fate",
  "stickers": {
    "default": {
      "name": "ishtar_dark.png",
      "anchor": "center",
      "opacity": 7
    }
  },
  "overrides": {
    "editorScheme": {
      "colors": {
        "startColor": "#e0474b"
      }
    }
  },
  "colors": {
    "caretRow": "#1A1913",
    "lineNumberColor": "#6c6d5b",
    "completionWindowBackground": "#23241d",
    "baseIconColor": "#848482",
    "contrastColor": "#313114",
    "nonProjectFileScopeColor": "#161602",
    "secondaryBackground": "#0a0a06",
    "selectionForeground": "#fbfbfb",
    "inactiveBackground": "#1A1913",
    "inactiveBackgroundDarker": "#0e0e08",
    "headerColor": "#0d0b0c",
    "baseBackground": "#0f0d0e",
    "borderColor": "#1a1a00",
    "buttonColor": "#221d1b",
    "selectionInactive": "#1A1913",
    "identifierHighlight": "#2b2628",
    "selectionBackground": "#553919",
    "selectionBackgroundTransparent": "#553919AA",
    "searchBackground": "#4B1212",
    "searchForeground": "#fbfbfb",
    "buttonFont": "#ada89c",
    "foregroundColor": "#c2c2c2",
    "highlightColor": "#191807",
    "disabledColor": "#6f6f6f",
    "accentColorTransparent": "#f5c4435A",
    "accentColorLessTransparent": "#f5c4439A",
    "accentColorMoreTransparent": "#f5c4432A",
    "accentColor": "#f5c443",
    "accentContrastColor": "#0f0d0e",
    "infoForeground": "#866e45",
    "startColor": "#955413",
    "stopColor": "#fec144",
    "testScopeColor": "#091202",
    "popupMask": "#928d8d05",
    "codeBlock": "#191718",
    "foldedTextBackground": "#191718",
    "textEditorBackground": "#110F10",
    "unusedColor": "#504848",
    "classNameColor": "#7C7C82",
    "htmlTagColor": "#e53935",
    "stringColor": "#a18649",
    "keyColor": "#357fbf",
    "keywordColor": "#db974d",
    "diff.modified": "#0E2539",
    "diff.inserted": "#132D14",
    "diff.conflict": "#391B1B",
    "diff.deleted": "#21211E",
    "lightEditorColor": "#161512",
    "breakpointColor": "#252217",
    "breakpointActiveColor": "#1a3b14",
    "fileBlue": "#0f233a",
    "fileGray": "#1f1e1f",
    "fileRose": "#2f1422",
    "fileOrange": "#2c1b0a",
    "fileViolet": "#1d1531",
    "fileYellow": "#2a2711",
    "fileRed": "#290e0f",
    "filePurple": "#1b0e28"
  },
  "characterId": "36273765-af8d-4832-aa12-8e83ba7f75ae"
}