{
  "id": "bc12b380-1f2a-4a9d-89d8-388a07f1e15f",
  "name": "Hatsune Miku",
  "displayName": "Miku",
  "conflictName": "Hatsune Miku",
  "dark": true,
  "author": "Unthrottled",
  "group": "Vocaloid",
  "stickers": {
    "default": {
      "name": "miku.png",
      "anchor": "center",
      "opacity": 7
    },
    "secondary": {
      "name": "miku_secondary.png",
      "anchor": "right",
      "opacity": 7
    }
  },
  "overrides": {
    "editorScheme": {
      "colors": {
        "accentColor": "#FF9CEA",
        "startColor": "#68eede",
        "nonProjectFileScopeColor": "#343635",
        "testScopeColor": "#2f393a"
      }
    }
  },
  "colors": {
    "caretRow": "#313938",
    "lineNumberColor": "#666879",
    "infoForeground": "#73999b",
    "completionWindowBackground": "#323f3d",
    "baseIconColor": "#718181",
    "contrastColor": "#303d3c",
    "nonProjectFileScopeColor": "#313332",
    "secondaryBackground": "#313939",
    "selectionForeground": "#fbfbfb",
    "inactiveBackground": "#272d2e",
    "inactiveBackgroundDarker": "#303737",
    "headerColor": "#2c3333",
    "baseBackground": "#293030",
    "borderColor": "#2d3839",
    "buttonColor": "#323737",
    "selectionInactive": "#3a4444",
    "identifierHighlight": "#3a4444",
    "selectionBackground": "#4c7a76",
    "selectionBackgroundTransparent": "#4c7a76AA",
    "searchBackground": "#654773",
    "searchForeground": "#fbfbfb",
    "buttonFont": "#6b9799",
    "foregroundColor": "#bbbbbb",
    "startColor": "#3c6357",
    "highlightColor": "#363d3c",
    "disabledColor": "#586f6d",
    "accentColorTransparent": "#53b0b45A",
    "accentColorLessTransparent": "#53b0b49A",
    "accentColorMoreTransparent": "#53b0b42A",
    "accentColor": "#53b0b4",
    "accentContrastColor": "#271c21",
    "stopColor": "#68eede",
    "testScopeColor": "#27342f",
    "popupMask": "#EAEAF00A",
    "codeBlock": "#2b3231",
    "textEditorBackground": "#2f3635",
    "foldedTextBackground": "#273431",
    "comments": "#67807b",
    "classNameColor": "#F6E9CB",
    "htmlTagColor": "#60a498",
    "stringColor": "#B5F6BA",
    "keyColor": "#95C8FA",
    "keywordColor": "#7BF8E1",
    "diff.deleted": "#393F3A",
    "lightEditorColor": "#303837",
    "breakpointColor": "#404639",
    "breakpointActiveColor": "#325b33",
    "fileBlue": "#294459",
    "fileGray": "#393e3e",
    "fileRose": "#483441",
    "fileOrange": "#453b29",
    "fileViolet": "#373651",
    "fileYellow": "#444932",
    "fileRed": "#443131",
    "filePurple": "#36304a"
  },
  "characterId": "edd177ab-b252-4f1b-af0b-763f49757b48"
}