{
  "id": "c262185d-9682-413b-9143-85a2dda76b2f",
  "name": "Rei",
  "displayName": "Rei",
  "dark": true,
  "author": "Unthrottled",
  "group": "Evangelion",
  "product": "community",
  "stickers": {
    "default": {
      "name": "rei_dark.png",
      "anchor": "right",
      "opacity": 7
    }
  },
  "overrides": {
    "editorScheme": {
      "colors": {
        "accentColor": "#ef596f",
        "startColor": "#ff7400"
      }
    }
  },
  "colors": {
    "caretRow": "#1f2125",
    "lineNumberColor": "#666879",
    "contrastColor": "#1b2a19",
    "nonProjectFileScopeColor": "#191a13",
    "secondaryBackground": "#191b1a",
    "selectionForeground": "#ffffff",
    "inactiveBackground": "#49434c",
    "inactiveBackgroundDarker": "#3c373f",
    "headerColor": "#131514",
    "baseBackground": "#171918",
    "borderColor": "#1e211f",
    "buttonColor": "#212122",
    "selectionInactive": "#18242d",
    "identifierHighlight": "#1b2932",
    "selectionBackground": "#25435a",
    "selectionBackgroundTransparent": "#25435a55",
    "searchBackground": "#6b232d",
    "searchForeground": "#ffffff",
    "buttonFont": "#bbbbbb",
    "foregroundColor": "#d2d2d2",
    "startColor": "#383838",
    "highlightColor": "#242626",
    "disabledColor": "#526f69",
    "accentColorTransparent": "#b532415A",
    "accentColorLessTransparent": "#b532419A",
    "accentColorMoreTransparent": "#b532412A",
    "accentColor": "#b53241",
    "accentColorOverrideTransparent": "#3E97655A",
    "accentColorOverrideLessTransparent": "#3E97659A",
    "accentColorOverrideMoreTransparent": "#3E97652A",
    "accentColorOverride": "#3E9765",
    "accentContrastColor": "#362839",
    "stopColor": "#00e389",
    "testScopeColor": "#131d13",
    "popupMask": "#EAEAF009",
    "infoForeground": "#7da1c2",
    "baseIconColor": "#76857d",
    "codeBlock": "#1b242e",
    "textEditorBackground": "#191b1f",
    "foldedTextBackground": "#232529",
    "errorColor": "#f44747",
    "unusedColor": "#565E56",
    "classNameColor": "#6AADFF",
    "htmlTagColor": "#89c0d9",
    "stringColor": "#F6E3CC",
    "keyColor": "#45e68a",
    "keywordColor": "#788a8b",
    "diff.deleted": "#262626",
    "diff.inserted": "#142F14",
    "diff.conflict": "#422121",
    "lightEditorColor": "#1d1f23",
    "breakpointColor": "#2c2d25",
    "breakpointActiveColor": "#204521",
    "fileBlue": "#142b40",
    "fileGray": "#242625",
    "fileRose": "#341c28",
    "fileOrange": "#312310",
    "fileViolet": "#221d37",
    "fileYellow": "#2f2f18",
    "fileRed": "#2e1716",
    "filePurple": "#20162f"
  },
  "characterId": "1adaff27-f535-40af-80dd-144f6e763223"
}