{
  "id": "15e51483-1ccd-46b7-90cf-885cccaaaf2c",
  "name": "Aqua",
  "displayName": "Aqua",
  "dark": true,
  "author": "Unthrottled",
  "group": "KonoSuba",
  "stickers": {
    "default": {
      "name": "aqua_dark.png",
      "anchor": "center",
      "opacity": 7
    }
  },
  "overrides": {
    "editorScheme": {
      "colors": {
        "startColor": "#00c69a"
      }
    }
  },
  "colors": {
    "caretRow": "#2d3047",
    "lineNumberColor": "#61647b",
    "infoForeground": "#7b8bab",
    "completionWindowBackground": "#32393F",
    "baseIconColor": "#717981",
    "contrastColor": "#1a3467",
    "nonProjectFileScopeColor": "#2e3242",
    "secondaryBackground": "#242942",
    "selectionForeground": "#fbfbfb",
    "inactiveBackground": "#2a272e",
    "inactiveBackgroundDarker": "#333037",
    "headerColor": "#2a2d44",
    "baseBackground": "#282b42",
    "borderColor": "#2a334b",
    "buttonColor": "#31374b",
    "selectionInactive": "#31344b",
    "identifierHighlight": "#31344b",
    "selectionBackground": "#4C637A",
    "selectionBackgroundTransparent": "#4C637AAA",
    "searchBackground": "#28734B",
    "searchForeground": "#fbfbfb",
    "buttonFont": "#838daa",
    "foregroundColor": "#bbbbbb",
    "startColor": "#595959",
    "highlightColor": "#2d3047",
    "disabledColor": "#585F6F",
    "accentColorTransparent": "#578CDA5A",
    "accentColorLessTransparent": "#578CDA9A",
    "accentColorMoreTransparent": "#578CDA2A",
    "accentColor": "#578CDA",
    "accentContrastColor": "#271c21",
    "stopColor": "#688dee",
    "testScopeColor": "#203635",
    "popupMask": "#EAEAF00A",
    "codeBlock": "#2e3149",
    "textEditorBackground": "#262940",
    "foldedTextBackground": "#2e3149",
    "classNameColor": "#8dc6ef",
    "constantColor": "#48ffd6",
    "htmlTagColor": "#a28a92",
    "stringColor": "#f4fa8c",
    "keyColor": "#6893f3",
    "keywordColor": "#988F9A",
    "diff.deleted": "#383845",
    "secondaryAccentColor": "#00c69a",
    "lightEditorColor": "#2a2d44",
    "breakpointColor": "#383a43",
    "breakpointActiveColor": "#2b503c",
    "fileBlue": "#273f67",
    "fileGray": "#37394c",
    "fileRose": "#462f4f",
    "fileOrange": "#433737",
    "fileViolet": "#35315e",
    "fileYellow": "#434441",
    "fileRed": "#422b3f",
    "filePurple": "#342b58"
  },
  "characterId": "ab78e7fe-3455-4187-9ed4-cf89b7fa557c"
}