{
  "id": "b4d08c16-a891-4186-884d-e469cba72e99",
  "name": "Echidna",
  "displayName": "Echidna",
  "dark": true,
  "author": "Unthrottled",
  "group": "Re Zero",
  "stickers": {
    "default": {
      "name": "echidna_dark.png",
      "anchor": "center",
      "opacity": 7
    }
  },
  "overrides": {
    "editorScheme": {
      "colors": {
        "accentColor": "#7ceec8",
        "startColor": "#E356A7"
      }
    }
  },
  "colors": {
    "comments": "#505A6D",
    "caretRow": "#1a171c",
    "lineNumberColor": "#6f7779",
    "completionWindowBackground": "#22282b",
    "baseIconColor": "#818181",
    "contrastColor": "#2a262d",
    "nonProjectFileScopeColor": "#191a18",
    "secondaryBackground": "#110f13",
    "selectionForeground": "#fbfbfb",
    "inactiveBackground": "#292e31",
    "inactiveBackgroundDarker": "#1e2224",
    "headerColor": "#171519",
    "baseBackground": "#141216",
    "borderColor": "#1e2021",
    "buttonColor": "#212425",
    "selectionInactive": "#1f1c21",
    "identifierHighlight": "#322c38",
    "selectionBackground": "#274540",
    "selectionBackgroundTransparent": "#274540AA",
    "searchBackground": "#5a3b5d",
    "searchForeground": "#ebd6fc",
    "buttonFont": "#a7a7a7",
    "foregroundColor": "#a8a8a8",
    "startColor": "#494949",
    "highlightColor": "#191e1c",
    "disabledColor": "#646464",
    "accentColorTransparent": "#ECECEC5A",
    "accentColorLessTransparent": "#ECECEC9A",
    "accentColorMoreTransparent": "#ECECEC2A",
    "accentColor": "#ECECEC",
    "accentContrastColor": "#272727",
    "infoForeground": "#75aaab",
    "stopColor": "#7ceec8",
    "testScopeColor": "#151b18",
    "popupMask": "#EAEAF005",
    "codeBlock": "#1e1b20",
    "textEditorBackground": "#121014",
    "foldedTextBackground": "#1b181d",
    "unusedColor": "#626266",
    "classNameColor": "#EFA554",
    "htmlTagColor": "#8daeef",
    "stringColor": "#f4fa8c",
    "keyColor": "#BD93F9",
    "keywordColor": "#8b8b8b",
    "diff.deleted": "#262626",
    "diff.conflict": "#391B1B",
    "diff.inserted": "#142F14",
    "lightEditorColor": "#171419",
    "breakpointColor": "#26231b",
    "breakpointActiveColor": "#1b3c18",
    "fileBlue": "#182b44",
    "fileGray": "#282629",
    "fileRose": "#371c2c",
    "fileOrange": "#342314",
    "fileViolet": "#251d3b",
    "fileYellow": "#322f1c",
    "fileRed": "#32171a",
    "filePurple": "#241634"
  },
  "characterId": "364430a0-87da-4a70-abe5-67ba5bb9863e"
}