{
  "id": "f770dcfc-f41e-4b49-aa17-66e9ffc208fd",
  "name": "Rem",
  "displayName": "Rem",
  "dark": true,
  "author": "Unthrottled",
  "group": "Re Zero",
  "stickers": {
    "default": {
      "name": "rem.png",
      "anchor": "right",
      "opacity": 7
    }
  },
  "overrides": {
    "editorScheme": {
      "colors": {
        "accentColor": "#8dc6ef",
        "startColor": "#688dee",
        "nonProjectFileScopeColor": "#343635",
        "testScopeColor": "#2f393a",
        "borderColor": "#292A30"
      }
    }
  },
  "colors": {
    "caretRow": "#313439",
    "lineNumberColor": "#666879",
    "infoForeground": "#7b8bab",
    "completionWindowBackground": "#32393F",
    "baseIconColor": "#717981",
    "contrastColor": "#30373d",
    "nonProjectFileScopeColor": "#313332",
    "secondaryBackground": "#313239",
    "selectionForeground": "#fbfbfb",
    "inactiveBackground": "#2a272e",
    "inactiveBackgroundDarker": "#333037",
    "headerColor": "#25262b",
    "baseBackground": "#292A30",
    "borderColor": "#2d3439",
    "buttonColor": "#323337",
    "selectionInactive": "#3a3f44",
    "identifierHighlight": "#383d42",
    "selectionBackground": "#4C637A",
    "selectionBackgroundTransparent": "#4C637AAA",
    "searchBackground": "#7a546f",
    "searchForeground": "#fbfbfb",
    "buttonFont": "#6b8b99",
    "foregroundColor": "#bbbbbb",
    "startColor": "#595959",
    "highlightColor": "#36373d",
    "disabledColor": "#585F6F",
    "accentColorTransparent": "#578CDA5A",
    "accentColorLessTransparent": "#578CDA9A",
    "accentColorMoreTransparent": "#578CDA2A",
    "accentColor": "#578CDA",
    "accentContrastColor": "#271c21",
    "stopColor": "#688dee",
    "testScopeColor": "#2c3436",
    "popupMask": "#EAEAF00A",
    "codeBlock": "#293342",
    "textEditorBackground": "#2c2d34",
    "foldedTextBackground": "#272e34",
    "classNameColor": "#FBFF90",
    "comments": "#5C6D80",
    "constantColor": "#85FFEF",
    "htmlTagColor": "#4E86C8",
    "stringColor": "#F0A1FF",
    "keyColor": "#9d8df6",
    "keywordColor": "#6893f3",
    "diff.deleted": "#36393B",
    "diff.inserted": "#1B3B1C",
    "lightEditorColor": "#303238",
    "breakpointColor": "#40403a",
    "breakpointActiveColor": "#325633",
    "fileBlue": "#293f59",
    "fileGray": "#39393e",
    "fileRose": "#482f41",
    "fileOrange": "#453729",
    "fileViolet": "#373151",
    "fileYellow": "#444432",
    "fileRed": "#442b31",
    "filePurple": "#362b4a"
  },
  "characterId": "c6612007-a4fa-4ce4-a060-78823ab8e50f"
}