{
  "id": "d39df813-8701-463b-a964-b8cb7714d1cc",
  "name": "Makise Kurisu",
  "displayName": "Kurisu",
  "dark": true,
  "author": "Unthrottled",
  "group": "Steins Gate",
  "stickers": {
    "default": {
      "name": "kurisu_dark.png",
      "anchor": "center",
      "opacity": 8
    }
  },
  "overrides": {
    "editorScheme": {
      "colors": {
        "accentColor": "#DEC4AA",
        "startColor": "#E356A7"
      }
    }
  },
  "colors": {
    "caretRow": "#261112",
    "lineNumberColor": "#624849",
    "infoForeground": "#843030",
    "completionWindowBackground": "#18181b",
    "baseIconColor": "#726969",
    "contrastColor": "#381616",
    "nonProjectFileScopeColor": "#1d130e",
    "secondaryBackground": "#190d0d",
    "selectionForeground": "#fbfbfb",
    "inactiveBackground": "#292e31",
    "inactiveBackgroundDarker": "#1e2224",
    "headerColor": "#1a0e0e",
    "baseBackground": "#1c1010",
    "borderColor": "#2b1919",
    "buttonColor": "#241919",
    "selectionInactive": "#211414",
    "identifierHighlight": "#3d1f21",
    "selectionBackground": "#391717",
    "selectionBackgroundTransparent": "#391717AA",
    "searchBackground": "#3F2E73",
    "searchForeground": "#fbfbfb",
    "buttonFont": "#a7a7a7",
    "foregroundColor": "#c3c3c3",
    "startColor": "#511c22",
    "highlightColor": "#2a0c0c",
    "disabledColor": "#6c6162",
    "accentColorTransparent": "#8F60B52A",
    "accentColorLessTransparent": "#8F60B55A",
    "accentColorMoreTransparent": "#8F60B50A",
    "accentColor": "#8F60B5",
    "accentContrastColor": "#272727",
    "stopColor": "#7717ee",
    "testScopeColor": "#131a0f",
    "popupMask": "#928d8d03",
    "codeBlock": "#231314",
    "textEditorBackground": "#170a0b",
    "foldedTextBackground": "#231010",
    "unusedColor": "#3D3D42",
    "comments": "#8B6868",
    "errorColor": "#FF0000",
    "classNameColor": "#EC5D61",
    "htmlTagColor": "#bca3aa",
    "stringColor": "#4593f5",
    "keywordColor": "#BD93F9",
    "keyColor": "#FF8C74",
    "diff.modified": "#132940",
    "diff.inserted": "#102413",
    "diff.conflict": "#492222",
    "diff.deleted": "#232121",
    "lightEditorColor": "#1d0c0d",
    "breakpointColor": "#2a1d12",
    "breakpointActiveColor": "#1f3710",
    "fileBlue": "#1a263b",
    "fileGray": "#2a2020",
    "fileRose": "#391623",
    "fileOrange": "#361d0b",
    "fileViolet": "#281833",
    "fileYellow": "#352913",
    "fileRed": "#341111",
    "filePurple": "#26102a"
  },
  "characterId": "25b24d9f-6fe1-42c7-a2d0-8eddb96e2ad0"
}