{
  "id": "cecf3f92-76d4-4f14-9a9c-3d558b6b3b68",
  "name": "Yuri Light",
  "displayName": "Yuri",
  "dark": false,
  "author": "Unthrottled",
  "group": "Literature Club",
  "stickers": {
    "default": {
      "name": "yuri.png",
      "anchor": "center",
      "opacity": 6
    },
    "secondary": {
      "name": "yuri_joy.png",
      "anchor": "center",
      "opacity": 6
    }
  },
  "overrides": {
    "editorScheme": {
      "colors": {
        "accentColor": "#95348C"
      }
    }
  },
  "colors": {
    "caretRow": "#e4dcf7",
    "lineNumberColor": "#aaaaaa",
    "completionWindowBackground": "#e7e5ea",
    "baseIconColor": "#a68daf",
    "contrastColor": "#decff6",
    "nonProjectFileScopeColor": "#faf0fb",
    "secondaryBackground": "#f5ecff",
    "selectionForeground": "#393d45",
    "inactiveBackground": "#E4E4EE",
    "inactiveBackgroundDarker": "#E1E2ED",
    "headerColor": "#f5f0ff",
    "baseBackground": "#f7f3ff",
    "borderColor": "#e2e3ee",
    "buttonColor": "#e1d8ee",
    "selectionInactive": "#ded7f1",
    "identifierHighlight": "#e7e0fa",
    "selectionBackground": "#ada0d2",
    "selectionBackgroundTransparent": "#a5a0d233",
    "searchBackground": "#D798D6",
    "searchForeground": "#393d45",
    "buttonFont": "#252427",
    "foregroundColor": "#252427",
    "infoForeground": "#8864ac",
    "startColor": "#cb87fb",
    "highlightColor": "#e9e0ff",
    "disabledColor": "#A2B6CB",
    "accentColorTransparent": "#ab74cb5A",
    "accentColorLessTransparent": "#ab74cb9A",
    "accentColorMoreTransparent": "#ab74cb2A",
    "accentColor": "#ab74cb",
    "stopColor": "#f595ff",
    "testScopeColor": "#e7eff1",
    "popupMask": "#ded7f130",
    "codeBlock": "#efeaf6",
    "textEditorBackground": "#f3f0ff",
    "foldedTextBackground": "#eae5f6",
    "classNameColor": "#c26a9d",
    "htmlTagColor": "#5E24BA",
    "stringColor": "#2DA0D2",
    "keyColor": "#D579D0",
    "constantColor": "#4C94D6",
    "keywordColor": "#7C75EF",
    "diff.deleted": "#ECE3EC",
    "lightEditorColor": "#eae4fa",
    "breakpointColor": "#f7f1cf",
    "breakpointActiveColor": "#bbf5bc",
    "fileBlue": "#ccddff",
    "fileGray": "#dcd8e4",
    "fileRose": "#ebc3e3",
    "fileOrange": "#f0ccb7",
    "fileViolet": "#e7d2fc",
    "fileYellow": "#eae4be",
    "fileRed": "#e9afba",
    "filePurple": "#cbaef0"
  },
  "characterId": "e04201b5-540e-485a-a8d0-a85ecb6614e3"
}