{
  "id": "5ca2846d-31a9-40b3-8908-965dad3c127d",
  "name": "Rimiru Tempest",
  "displayName": "Rimiru",
  "dark": true,
  "author": "Unthrottled",
  "group": "That Time I Get ReIncarnated As A Slime",
  "stickers": {
    "default": {
      "name": "rimiru_dark.png",
      "anchor": "right",
      "opacity": 12
    }
  },
  "overrides": {
    "editorScheme": {
      "colors": {
        "accentColor": "#FDEA25",
        "startColor": "#597cee"
      }
    }
  },
  "colors": {
    "comments": "#716B78",
    "caretRow": "#302931",
    "lineNumberColor": "#675a6c",
    "baseIconColor": "#7f7782",
    "contrastColor": "#4b454e",
    "nonProjectFileScopeColor": "#2f2a20",
    "secondaryBackground": "#151016",
    "selectionForeground": "#fefefe",
    "headerColor": "#211c22",
    "baseBackground": "#262127",
    "borderColor": "#3f3741",
    "buttonColor": "#433f46",
    "selectionInactive": "#24324b",
    "identifierHighlight": "#3f3640",
    "selectionBackground": "#29466c",
    "selectionBackgroundTransparent": "#29466cAA",
    "searchBackground": "#195A80",
    "searchForeground": "#fefefe",
    "buttonFont": "#b4afa2",
    "foregroundColor": "#d3d3d3",
    "highlightColor": "#3c373f",
    "disabledColor": "#685e6d",
    "accentColorTransparent": "#d7cf8b5A",
    "accentColorLessTransparent": "#d7cf8b9A",
    "accentColorMoreTransparent": "#d7cf8b2A",
    "accentColor": "#d7cf8b",
    "accentContrastColor": "#182f42",
    "infoForeground": "#b0a17f",
    "startColor": "#595959",
    "stopColor": "#e6e068",
    "testScopeColor": "#202f21",
    "popupMask": "#928d8d05",
    "codeBlock": "#2d3d55",
    "foldedTextBackground": "#302931",
    "textEditorBackground": "#1c171d",
    "constantColor": "#9CA2FF",
    "unusedColor": "#545c5b",
    "errorColor": "#ff2525",
    "classNameColor": "#FFA38F",
    "htmlTagColor": "#77BBFF",
    "stringColor": "#77C2FF",
    "matchColor": "#39A6FF",
    "keyColor": "#FF96FD",
    "keywordColor": "#5FFF9F",
    "diff.modified": "#1F4966",
    "diff.inserted": "#1E3425",
    "diff.conflict": "#4B2424",
    "diff.deleted": "#323239",
    "lightEditorColor": "#282229",
    "breakpointColor": "#383326",
    "breakpointActiveColor": "#21391f",
    "fileBlue": "#20314c",
    "fileGray": "#302c30",
    "fileRose": "#3f2234",
    "fileOrange": "#462e20",
    "fileViolet": "#2e2343",
    "fileYellow": "#3b3524",
    "fileRed": "#3a1d22",
    "filePurple": "#2c1c3b"
  },
  "characterId": "13b672f4-cce7-4d10-b085-5027eb85ac5c"
}