{
  "id": "63fe4617-4cac-47a5-9b93-6794514c35ad",
  "name": "Megumin",
  "displayName": "Megumin",
  "dark": true,
  "author": "Unthrottled",
  "group": "KonoSuba",
  "stickers": {
    "default": {
      "name": "megumin.png",
      "anchor": "center",
      "opacity": 7
    }
  },
  "overrides": {
    "editorScheme": {
      "colors": {
        "accentColor": "#e4ff10",
        "startColor": "#e4ff10"
      }
    }
  },
  "colors": {
    "caretRow": "#31262b",
    "lineNumberColor": "#7b7373",
    "infoForeground": "#75595d",
    "completionWindowBackground": "#32393F",
    "baseIconColor": "#948785",
    "contrastColor": "#3e2126",
    "nonProjectFileScopeColor": "#312A26",
    "secondaryBackground": "#281d22",
    "selectionForeground": "#E2CB14",
    "inactiveBackground": "#2a272e",
    "inactiveBackgroundDarker": "#333037",
    "headerColor": "#2a1f24",
    "baseBackground": "#271c21",
    "borderColor": "#32262c",
    "buttonColor": "#2f2329",
    "selectionInactive": "#31262b",
    "identifierHighlight": "#3a2d33",
    "selectionBackground": "#563036",
    "selectionBackgroundTransparent": "#563036A5",
    "searchBackground": "#851B2A",
    "searchForeground": "#E2CB14",
    "buttonFont": "#766B6B",
    "foregroundColor": "#bbbbbb",
    "startColor": "#511c22",
    "highlightColor": "#522227",
    "disabledColor": "#585F6F",
    "accentColorTransparent": "#a730355A",
    "accentColorLessTransparent": "#a730359A",
    "accentColorMoreTransparent": "#a730352A",
    "accentColor": "#a73035",
    "accentContrastColor": "#271c21",
    "stopColor": "#ee2e37",
    "testScopeColor": "#243125",
    "popupMask": "#EAEAF00A",
    "codeBlock": "#2f2329",
    "textEditorBackground": "#2c2126",
    "foldedTextBackground": "#33282d",
    "comments": "#726868",
    "constantColor": "#FC79BB",
    "classNameColor": "#FF8A5F",
    "htmlTagColor": "#a28a92",
    "stringColor": "#ffd866",
    "keyColor": "#BA6462",
    "keywordColor": "#a28a92",
    "diff.deleted": "#3E3839",
    "lightEditorColor": "#2f2429",
    "breakpointColor": "#3d322b",
    "breakpointActiveColor": "#304a26",
    "fileBlue": "#27334d",
    "fileGray": "#372e32",
    "fileRose": "#462435",
    "fileOrange": "#432b1d",
    "fileViolet": "#352544",
    "fileYellow": "#433826",
    "fileRed": "#421f24",
    "filePurple": "#341f3d"
  },
  "characterId": "1cd8b7ca-cda4-4aa5-bcd6-369823f61816"
}