{
  "id": "546e8fb8-6082-4ef5-a5e3-44790686f02f",
  "name": "Asuna Light",
  "displayName": "Asuna",
  "dark": false,
  "author": "Unthrottled",
  "group": "Sword Art Online",
  "stickers": {
    "default": {
      "name": "asuna_light.png",
      "anchor": "center",
      "opacity": 10
    }
  },
  "overrides": {
    "editorScheme": {
      "colors": {
        "accentColor": "#2527B1"
      }
    }
  },
  "colors": {
    "caretRow": "#feeeee",
    "lineNumberColor": "#aaaaaa",
    "infoForeground": "#a25252",
    "completionWindowBackground": "#e7e5ea",
    "baseIconColor": "#85838b",
    "contrastColor": "#f6d5dc",
    "nonProjectFileScopeColor": "#fcfdf3",
    "secondaryBackground": "#fcfcfc",
    "selectionForeground": "#393d45",
    "inactiveBackground": "#eee4e4",
    "inactiveBackgroundDarker": "#ede1e1",
    "headerColor": "#fdfdfd",
    "baseBackground": "#ffffff",
    "borderColor": "#eeeeee",
    "buttonColor": "#f9f2f2",
    "selectionInactive": "#fff4f4",
    "identifierHighlight": "#fce6e6",
    "selectionBackground": "#e9b4b8",
    "selectionBackgroundTransparent": "#e9b4b833",
    "searchBackground": "#F8E728",
    "searchForeground": "#393d45",
    "buttonFont": "#252427",
    "foregroundColor": "#252427",
    "startColor": "#a01618",
    "highlightColor": "#fff1f5",
    "disabledColor": "#A2B6CB",
    "accentColorTransparent": "#a61d0d5A",
    "accentColorLessTransparent": "#a61d0d9A",
    "accentColorMoreTransparent": "#a61d0d2A",
    "accentColor": "#a61d0d",
    "stopColor": "#ec081e",
    "testScopeColor": "#ecfded",
    "popupMask": "#e7e6eb05",
    "codeBlock": "#f6f6f6",
    "textEditorBackground": "#fcfcfc",
    "foldedTextBackground": "#f6f6f6",
    "terminal.ansiCyan": "#0896AD",
    "classNameColor": "#C68741",
    "htmlTagColor": "#e53935",
    "stringColor": "#a61d0d",
    "keyColor": "#0d5fa6",
    "keywordColor": "#a61d0d",
    "constantColor": "#4C94D6",
    "lightEditorColor": "#f6f6f6",
    "breakpointColor": "#fdf9cd",
    "breakpointActiveColor": "#c1fdb9",
    "fileBlue": "#d2e8fd",
    "fileGray": "#e2e2e2",
    "fileRose": "#f2cde1",
    "fileOrange": "#f5d5b6",
    "fileViolet": "#eeddfb",
    "fileYellow": "#f0edbc",
    "fileRed": "#efb8b8",
    "filePurple": "#d1b7ef"
  },
  "characterId": "671dd390-221c-48f1-b6c3-396da56a2a3a"
}