{
  "id": "06143cbe-2d51-4423-9a93-73a02c828119",
  "name": "Yukinoshita Yukino",
  "displayName": "Yukino",
  "dark": true,
  "author": "Unthrottled",
  "group": "OreGairu",
  "stickers": {
    "default": {
      "name": "yukino_dark.png",
      "anchor": "center",
      "opacity": 7
    }
  },
  "overrides": {
    "editorScheme": {
      "colors": {
        "accentColor": "#84D0FF"
      }
    }
  },
  "colors": {
    "comments": "#596477",
    "caretRow": "#23252a",
    "lineNumberColor": "#545e6d",
    "completionWindowBackground": "#23241d",
    "baseIconColor": "#747a84",
    "contrastColor": "#181c2b",
    "nonProjectFileScopeColor": "#2c2e2e",
    "secondaryBackground": "#222429",
    "selectionForeground": "#fbfbfb",
    "inactiveBackground": "#1A1913",
    "inactiveBackgroundDarker": "#0e0e08",
    "headerColor": "#282a2f",
    "baseBackground": "#24262b",
    "borderColor": "#2b2d32",
    "buttonColor": "#2f3136",
    "selectionInactive": "#303237",
    "identifierHighlight": "#282a2f",
    "selectionBackground": "#2d3b55",
    "selectionBackgroundTransparent": "#2d3b55AA",
    "searchBackground": "#4B262A",
    "searchForeground": "#fbfbfb",
    "buttonFont": "#ada89c",
    "foregroundColor": "#bbbbbb",
    "highlightColor": "#262c39",
    "disabledColor": "#6f6f6f",
    "accentColorTransparent": "#2d63825A",
    "accentColorLessTransparent": "#2d63829A",
    "accentColorMoreTransparent": "#2d63822A",
    "accentColor": "#2d6382",
    "accentColorBrighter": "#2488cb",
    "accentContrastColor": "#0f0d0e",
    "infoForeground": "#456186",
    "startColor": "#595959",
    "stopColor": "#3d63bd",
    "testScopeColor": "#282e2e",
    "popupMask": "#928d8d05",
    "codeBlock": "#25272c",
    "foldedTextBackground": "#25272d",
    "textEditorBackground": "#1f2126",
    "unusedColor": "#5c5c63",
    "classNameColor": "#9DACF6",
    "htmlTagColor": "#BD84DD",
    "stringColor": "#F6E3CC",
    "keyColor": "#ead979",
    "keywordColor": "#e0474b",
    "diff.modified": "#0E2539",
    "diff.inserted": "#132D14",
    "diff.conflict": "#391B1B",
    "diff.deleted": "#2A2929",
    "lightEditorColor": "#212328",
    "breakpointColor": "#31322b",
    "breakpointActiveColor": "#254a26",
    "fileBlue": "#253c56",
    "fileGray": "#35373b",
    "fileRose": "#452d3e",
    "fileOrange": "#423426",
    "fileViolet": "#332e4d",
    "fileYellow": "#41412f",
    "fileRed": "#40292d",
    "filePurple": "#322846"
  },
  "characterId": "8ce5e320-e53a-4e74-bdee-d4bf8695debb"
}