{
  "id": "697e8564-0975-4907-a34c-51f65177ebf3",
  "name": "Mioda Ibuki Light",
  "displayName": "Ibuki",
  "dark": false,
  "author": "Unthrottled",
  "group": "DanganRonpa",
  "stickers": {
    "default": {
      "name": "ibuki_light.png",
      "anchor": "right",
      "opacity": 5
    }
  },
  "colors": {
    "caretRow": "#f7dcf3",
    "lineNumberColor": "#aaaaaa",
    "infoForeground": "#5ca4d4",
    "completionWindowBackground": "#eae5e8",
    "baseIconColor": "#b896b1",
    "contrastColor": "#F6D0EF",
    "nonProjectFileScopeColor": "#fff0eb",
    "secondaryBackground": "#FFEAF9",
    "selectionForeground": "#393d45",
    "inactiveBackground": "#eee4ea",
    "inactiveBackgroundDarker": "#ede1e9",
    "headerColor": "#ffeefd",
    "baseBackground": "#ffedfe",
    "borderColor": "#ede1e9",
    "buttonColor": "#F7E0F3",
    "selectionInactive": "#f1d7ef",
    "identifierHighlight": "#fae0f8",
    "selectionBackground": "#8EDBFF",
    "selectionBackgroundTransparent": "#8EDBFF33",
    "searchBackground": "#EA8EFF",
    "searchForeground": "#393d45",
    "comments": "#7d6a7d",
    "buttonFont": "#272426",
    "foregroundColor": "#272426",
    "startColor": "#da46a7",
    "highlightColor": "#fde2f6",
    "disabledColor": "#cba2c4",
    "accentColorTransparent": "#DA46A75A",
    "accentColorLessTransparent": "#DA46A79A",
    "accentColorMoreTransparent": "#DA46A72A",
    "accentColor": "#DA46A7",
    "stopColor": "#469fda",
    "testScopeColor": "#e7eff1",
    "popupMask": "#f1d7ef30",
    "codeBlock": "#ecf2f8",
    "textEditorBackground": "#ffeefd",
    "foldedTextBackground": "#f9e8f7",
    "classNameColor": "#cb70a5",
    "htmlTagColor": "#3A8CB8",
    "stringColor": "#3193D7",
    "keyColor": "#4174b3",
    "constantColor": "#2F6AAD",
    "keywordColor": "#C869A3",
    "diff.deleted": "#EFE2E9",
    "lightEditorColor": "#fae3f7",
    "breakpointColor": "#fff0ce",
    "breakpointActiveColor": "#c3f3ba",
    "fileBlue": "#d4dbfd",
    "fileGray": "#e4d6e2",
    "fileRose": "#f3c1e1",
    "fileOrange": "#f7cbb6",
    "fileViolet": "#efd0fb",
    "fileYellow": "#f1e3bc",
    "fileRed": "#f0aeb8",
    "filePurple": "#d2adef"
  },
  "characterId": "49a66c9e-8bf4-43a4-a221-a288f6af1395"
}