{
  "id": "4fd5cb34-d36e-4a3c-8639-052b19b26ba1",
  "name": "Zero Two Light",
  "displayName": "Zero Two",
  "dark": false,
  "author": "Unthrottled",
  "group": "Darling in the Franxx",
  "stickers": {
    "default": {
      "name": "zero_two_light.png",
      "anchor": "center",
      "opacity": 20
    }
  },
  "overrides": {
    "editorScheme": {
      "colors": {
        "accentColor": "#E356A7"
      }
    }
  },
  "colors": {
    "caretRow": "#eef9fe",
    "lineNumberColor": "#aaaaaa",
    "infoForeground": "#5282a2",
    "completionWindowBackground": "#e7e5ea",
    "baseIconColor": "#85838b",
    "contrastColor": "#f6d5dc",
    "nonProjectFileScopeColor": "#fbf4e3",
    "secondaryBackground": "#fcfcfc",
    "selectionForeground": "#393d45",
    "inactiveBackground": "#eee4e4",
    "inactiveBackgroundDarker": "#ede1e1",
    "headerColor": "#fafafa",
    "baseBackground": "#fcfcfc",
    "borderColor": "#eeeeee",
    "buttonColor": "#f0f0f0",
    "selectionInactive": "#fff4f4",
    "identifierHighlight": "#e6fcfb",
    "selectionBackground": "#e9b4b8",
    "selectionBackgroundTransparent": "#e9b4b833",
    "searchBackground": "#B4E9DF",
    "searchForeground": "#393d45",
    "buttonFont": "#252427",
    "foregroundColor": "#252427",
    "startColor": "#a01618",
    "highlightColor": "#f1f9ff",
    "disabledColor": "#A2B6CB",
    "accentColorTransparent": "#A622105A",
    "accentColorLessTransparent": "#A622109A",
    "accentColorMoreTransparent": "#A622102A",
    "accentColor": "#A62210",
    "accentColorOverrideTransparent": "#009CEC5A",
    "accentColorOverrideLessTransparent": "#009CEC9A",
    "accentColorOverrideMoreTransparent": "#009CEC2A",
    "accentColorOverride": "#009CEC",
    "stopColor": "#ec081e",
    "testScopeColor": "#ecfded",
    "terminal.ansiCyan": "#0896AD",
    "popupMask": "#e7e6eb05",
    "codeBlock": "#f6f6f6",
    "textEditorBackground": "#fcfcfc",
    "foldedTextBackground": "#f6f6f6",
    "classNameColor": "#117aa6",
    "htmlTagColor": "#5236B4",
    "stringColor": "#0EAAAF",
    "keyColor": "#A62210",
    "keywordColor": "#0da661",
    "constantColor": "#0d5fa6",
    "lightEditorColor": "#f6f6f6",
    "breakpointColor": "#fdf9cd",
    "breakpointActiveColor": "#c1fdb9",
    "fileBlue": "#d0e5fb",
    "fileGray": "#e0e0e0",
    "fileRose": "#efcbdf",
    "fileOrange": "#f3d3b4",
    "fileViolet": "#ebdbf8",
    "fileYellow": "#eeebba",
    "fileRed": "#edb6b6",
    "filePurple": "#cfb5ed"
  },
  "characterId": "1d95afa2-3346-45e6-951f-2e48352ede90"
}