{
  "id": "696de7c1-3a8e-4445-83ee-3eb7e9dca47f",
  "name": "Emilia Dark",
  "displayName": "Emilia",
  "dark": true,
  "author": "Unthrottled",
  "group": "Re Zero",
  "stickers": {
    "default": {
      "name": "emilia_dark.png",
      "anchor": "right",
      "opacity": 13
    }
  },
  "overrides": {
    "editorScheme": {
      "colors": {
        "testScopeColor": "#3a4258",
        "accentColor": "#AE7BFF",
        "startColor": "#DADADA"
      }
    }
  },
  "colors": {
    "caretRow": "#543466",
    "lineNumberColor": "#666879",
    "comments": "#9277a7",
    "infoForeground": "#a775ab",
    "completionWindowBackground": "#37323f",
    "baseIconColor": "#816b96",
    "contrastColor": "#513960",
    "nonProjectFileScopeColor": "#4d3458",
    "secondaryBackground": "#4e2d62",
    "selectionForeground": "#d29eff",
    "headerColor": "#4c2e5c",
    "baseBackground": "#4e3162",
    "borderColor": "#553a63",
    "buttonColor": "#553967",
    "selectionInactive": "#513466",
    "identifierHighlight": "#513466",
    "selectionBackground": "#5C3378",
    "searchBackground": "#7749b2",
    "searchForeground": "#e7e5f3",
    "buttonFont": "#c799e3",
    "foregroundColor": "#DADADA",
    "startColor": "#850ad2",
    "highlightColor": "#5d3668",
    "disabledColor": "#AF9ECB",
    "accentColorTransparent": "#a53ba05A",
    "accentColorLessTransparent": "#a53ba09A",
    "accentColorMoreTransparent": "#a53ba02A",
    "accentColor": "#a53ba0",
    "accentContrastColor": "#2a1e35",
    "stopColor": "#F667FF",
    "testScopeColor": "#483658",
    "popupMask": "#EAEAF00A",
    "codeBlock": "#442a55",
    "textEditorBackground": "#492d5a",
    "foldedTextBackground": "#402a54",
    "classNameColor": "#FF9CD6",
    "htmlTagColor": "#BF98F1",
    "stringColor": "#FDEFA2",
    "keyColor": "#C1A2F8",
    "constantColor": "#FFB9A7",
    "keywordColor": "#EF69C3",
    "diff.deleted": "#4E4151",
    "diff.inserted": "#204b21",
    "lightEditorColor": "#503161",
    "breakpointColor": "#583d5b",
    "breakpointActiveColor": "#485451",
    "fileBlue": "#43407b",
    "fileGray": "#533a60",
    "fileRose": "#623063",
    "fileOrange": "#5f374b",
    "fileViolet": "#513272",
    "fileYellow": "#604555",
    "fileRed": "#5f2c54",
    "filePurple": "#512c6d"
  },
  "characterId": "bd79ca9d-bf04-4a8e-8aa1-068ef5e52175"
}