{
  "id": "5fb9c0a4-e613-457c-97a5-6204f9076cef",
  "name": "Shima Rin",
  "displayName": "Rin",
  "conflictName": "Shima Rin",
  "dark": true,
  "author": "Unthrottled",
  "group": "Yuru Camp",
  "stickers": {
    "default": {
      "name": "shima_rin_dark.png",
      "anchor": "right",
      "opacity": 7
    }
  },
  "overrides": {
    "editorScheme": {
      "colors": {
        "accentColor": "#8bd9ff",
        "startColor": "#597cee"
      }
    }
  },
  "colors": {
    "comments": "#687380",
    "caretRow": "#313a49",
    "lineNumberColor": "#5a626c",
    "baseIconColor": "#6c747d",
    "contrastColor": "#404a57",
    "nonProjectFileScopeColor": "#33393c",
    "secondaryBackground": "#2c3039",
    "selectionForeground": "#fbfbfb",
    "headerColor": "#2e343e",
    "baseBackground": "#323742",
    "borderColor": "#393e48",
    "buttonColor": "#3a4148",
    "selectionInactive": "#403545",
    "identifierHighlight": "#373c47",
    "selectionBackground": "#4f3a4e",
    "selectionBackgroundTransparent": "#4f3a4eAA",
    "searchBackground": "#195A80",
    "searchForeground": "#fbfbfb",
    "buttonFont": "#ada89c",
    "foregroundColor": "#b0b0b0",
    "highlightColor": "#3d4754",
    "disabledColor": "#5b606f",
    "accentColorTransparent": "#6688ad5A",
    "accentColorLessTransparent": "#6688ad9A",
    "accentColorMoreTransparent": "#6688ad2A",
    "accentColor": "#6688ad",
    "accentContrastColor": "#182f42",
    "infoForeground": "#b0a17f",
    "startColor": "#595959",
    "stopColor": "#e66895",
    "testScopeColor": "#2e3a3c",
    "popupMask": "#928d8d05",
    "codeBlock": "#3c3443",
    "foldedTextBackground": "#323743",
    "textEditorBackground": "#2b303b",
    "editorAccentColor": "#8bd9ff",
    "constantColor": "#ec9cb2",
    "unusedColor": "#545c5b",
    "classNameColor": "#89acf6",
    "htmlTagColor": "#8698B2",
    "stringColor": "#F6E9CB",
    "keyColor": "#61ead9",
    "keywordColor": "#ea73d6",
    "diff.modified": "#253F4C",
    "diff.inserted": "#223B28",
    "diff.conflict": "#3E2424",
    "diff.deleted": "#30383E",
    "lightEditorColor": "#2f3643",
    "breakpointColor": "#3c403f",
    "breakpointActiveColor": "#2f5637",
    "fileBlue": "#2a4462",
    "fileGray": "#3a3f47",
    "fileRose": "#49354a",
    "fileOrange": "#473c32",
    "fileViolet": "#383659",
    "fileYellow": "#464a3c",
    "fileRed": "#46313a",
    "filePurple": "#383153"
  },
  "characterId": "e0beb731-25c8-4db1-a6a3-9781464ecf64"
}