{
  "id": "420b0ed5-803c-4127-97e3-dae6aa1a5972",
  "name": "Mioda Ibuki Dark",
  "displayName": "Ibuki",
  "dark": true,
  "author": "Unthrottled",
  "group": "DanganRonpa",
  "stickers": {
    "default": {
      "name": "ibuki_dark.png",
      "anchor": "right",
      "opacity": 7
    }
  },
  "overrides": {
    "editorScheme": {
      "colors": {
        "accentColor": "#ff69df",
        "startColor": "#68c4ee",
        "nonProjectFileScopeColor": "#343635",
        "testScopeColor": "#2f393a"
      }
    }
  },
  "colors": {
    "caretRow": "#222526",
    "lineNumberColor": "#666879",
    "completionWindowBackground": "#22282b",
    "baseIconColor": "#818181",
    "contrastColor": "#31262a",
    "nonProjectFileScopeColor": "#191a18",
    "secondaryBackground": "#1a1e20",
    "selectionForeground": "#fbfbfb",
    "inactiveBackground": "#292e31",
    "inactiveBackgroundDarker": "#1e2224",
    "headerColor": "#17191b",
    "baseBackground": "#141617",
    "borderColor": "#1e2021",
    "buttonColor": "#262c32",
    "selectionInactive": "#333333",
    "identifierHighlight": "#313131",
    "selectionBackground": "#452735",
    "selectionBackgroundTransparent": "#452735AA",
    "searchBackground": "#326283",
    "searchForeground": "#fbfbfb",
    "buttonFont": "#a7a7a7",
    "foregroundColor": "#bbbbbb",
    "startColor": "#494949",
    "highlightColor": "#23282a",
    "disabledColor": "#6f6f6f",
    "accentColorTransparent": "#5395b45A",
    "accentColorLessTransparent": "#5395b49A",
    "accentColorMoreTransparent": "#5395b42A",
    "accentColor": "#5395b4",
    "accentContrastColor": "#272727",
    "infoForeground": "#ab8d9f",
    "stopColor": "#68c4ee",
    "testScopeColor": "#151b18",
    "popupMask": "#EAEAF00A",
    "codeBlock": "#1f2123",
    "textEditorBackground": "#191b1d",
    "foldedTextBackground": "#343434",
    "classNameColor": "#8daeef",
    "htmlTagColor": "#93B6F5",
    "stringColor": "#f4fa8c",
    "keyColor": "#5ea7ff",
    "keywordColor": "#8b8b8b",
    "diff.deleted": "#262626",
    "diff.inserted": "#142F14",
    "lightEditorColor": "#1e2122",
    "breakpointColor": "#2c2d23",
    "breakpointActiveColor": "#20451f",
    "fileBlue": "#182e46",
    "fileGray": "#28292b",
    "fileRose": "#371f2e",
    "fileOrange": "#342616",
    "fileViolet": "#25213d",
    "fileYellow": "#32331e",
    "fileRed": "#321a1c",
    "filePurple": "#241a35"
  },
  "characterId": "49a66c9e-8bf4-43a4-a221-a288f6af1395"
}