{
  "id": "355d711c-2fa6-4df2-9504-dd44d8f5e350",
  "name": "Rory Mercury",
  "displayName": "Rory",
  "dark": true,
  "author": "Unthrottled",
  "group": "Gate",
  "stickers": {
    "default": {
      "name": "rory_dark.png",
      "anchor": "center",
      "opacity": 7
    }
  },
  "overrides": {
    "editorScheme": {
      "colors": {
        "accentColor": "#FF4556",
        "startColor": "#ee2726"
      }
    }
  },
  "colors": {
    "caretRow": "#1a1a1d",
    "lineNumberColor": "#796666",
    "infoForeground": "#843030",
    "completionWindowBackground": "#18181b",
    "baseIconColor": "#726969",
    "contrastColor": "#381616",
    "nonProjectFileScopeColor": "#1b1d1a",
    "secondaryBackground": "#111114",
    "selectionForeground": "#fbfbfb",
    "inactiveBackground": "#292e31",
    "inactiveBackgroundDarker": "#1e2224",
    "headerColor": "#18181b",
    "baseBackground": "#161619",
    "borderColor": "#261616",
    "buttonColor": "#1f1a1a",
    "selectionInactive": "#2a1a1c",
    "identifierHighlight": "#232326",
    "selectionBackground": "#502121",
    "selectionBackgroundTransparent": "#502121AA",
    "searchBackground": "#265579",
    "searchForeground": "#fbfbfb",
    "buttonFont": "#a7a7a7",
    "foregroundColor": "#c3c3c3",
    "startColor": "#511c22",
    "highlightColor": "#2a0c0c",
    "disabledColor": "#6f6f6f",
    "accentColorTransparent": "#b532415A",
    "accentColorLessTransparent": "#b532419A",
    "accentColorMoreTransparent": "#b532412A",
    "accentColor": "#b53241",
    "accentContrastColor": "#272727",
    "stopColor": "#ee2726",
    "testScopeColor": "#151c18",
    "popupMask": "#928d8d05",
    "codeBlock": "#191715",
    "textEditorBackground": "#141417",
    "foldedTextBackground": "#191813",
    "unusedColor": "#515158",
    "classNameColor": "#BD93F9",
    "htmlTagColor": "#666f71",
    "stringColor": "#58A0F8",
    "comments": "#9A6262",
    "keywordColor": "#e0474b",
    "errorColor": "#FF8484",
    "keyColor": "#7F8E90",
    "diff.modified": "#132940",
    "diff.inserted": "#102413",
    "diff.conflict": "#492222",
    "diff.deleted": "#232121",
    "lightEditorColor": "#18181b",
    "breakpointColor": "#27261e",
    "breakpointActiveColor": "#1c3f1a",
    "fileBlue": "#182e46",
    "fileGray": "#28282b",
    "fileRose": "#381e2e",
    "fileOrange": "#352616",
    "fileViolet": "#26203d",
    "fileYellow": "#33321e",
    "fileRed": "#33191c",
    "filePurple": "#251935"
  },
  "characterId": "2df62d2d-08fa-40d7-b659-5f3b42db0f84"
}