{
  "id": "e828aaae-aa8c-4084-8993-d64697146930",
  "name": "Emilia Light",
  "displayName": "Emilia",
  "dark": false,
  "author": "Unthrottled",
  "group": "Re Zero",
  "stickers": {
    "default": {
      "name": "emilia_light.png",
      "anchor": "right",
      "opacity": 10
    }
  },
  "overrides": {
    "editorScheme": {
      "colors": {
        "accentColor": "#7D2DD2"
      }
    }
  },
  "colors": {
    "caretRow": "#f1dcf7",
    "lineNumberColor": "#aaaaaa",
    "infoForeground": "#8864ac",
    "completionWindowBackground": "#e7e5ea",
    "baseIconColor": "#ae8daf",
    "contrastColor": "#f0cff6",
    "nonProjectFileScopeColor": "#fbf0f4",
    "secondaryBackground": "#faecff",
    "selectionForeground": "#393d45",
    "inactiveBackground": "#E4E4EE",
    "inactiveBackgroundDarker": "#E1E2ED",
    "headerColor": "#fbf0ff",
    "baseBackground": "#fcf3ff",
    "borderColor": "#e9d8f6",
    "buttonColor": "#e7d8ee",
    "selectionInactive": "#e8d7f1",
    "identifierHighlight": "#f4e5fb",
    "selectionBackground": "#c7a0d2",
    "selectionBackgroundTransparent": "#b7a0d233",
    "searchBackground": "#78c5ad",
    "searchForeground": "#393d45",
    "buttonFont": "#252427",
    "foregroundColor": "#252427",
    "startColor": "#653b6d",
    "highlightColor": "#f6e0ff",
    "disabledColor": "#A2B6CB",
    "accentColorTransparent": "#82357d5A",
    "accentColorLessTransparent": "#82357d9A",
    "accentColorMoreTransparent": "#82357d2A",
    "accentColor": "#82357d",
    "stopColor": "#e984ed",
    "testScopeColor": "#e7eff1",
    "popupMask": "#fbf0ff30",
    "codeBlock": "#f2eaf6",
    "textEditorBackground": "#fbf0ff",
    "foldedTextBackground": "#f2e5f6",
    "classNameColor": "#cb70a5",
    "htmlTagColor": "#2925AC",
    "stringColor": "#0CA87E",
    "keyColor": "#7C75EF",
    "constantColor": "#4C94D6",
    "keywordColor": "#90468c",
    "diff.deleted": "#E9E3E7",
    "lightEditorColor": "#f5e4fa",
    "breakpointColor": "#fcf1cf",
    "breakpointActiveColor": "#c1f5bc",
    "fileBlue": "#d1ddff",
    "fileGray": "#e1d8e4",
    "fileRose": "#f0c3e3",
    "fileOrange": "#f4ccb7",
    "fileViolet": "#ecd2fc",
    "fileYellow": "#eee4be",
    "fileRed": "#eeafba",
    "filePurple": "#cfaef0"
  },
  "characterId": "bd79ca9d-bf04-4a8e-8aa1-068ef5e52175"
}