{
  "id": "d587f5ab-9334-4b7b-a99e-58461719d87b",
  "name": "Nadeshiko",
  "displayName": "Nadeshiko",
  "dark": true,
  "author": "Unthrottled",
  "group": "Yuru Camp",
  "stickers": {
    "default": {
      "name": "nadeshiko_dark.png",
      "anchor": "right",
      "opacity": 12
    }
  },
  "overrides": {
    "editorScheme": {
      "colors": {
        "accentColor": "#ff8bfd",
        "startColor": "#597cee"
      }
    }
  },
  "colors": {
    "comments": "#80687f",
    "caretRow": "#392831",
    "lineNumberColor": "#6a5a6c",
    "baseIconColor": "#786c7d",
    "contrastColor": "#524057",
    "nonProjectFileScopeColor": "#362d24",
    "secondaryBackground": "#2a1c23",
    "selectionForeground": "#fbfbfb",
    "headerColor": "#2f2128",
    "baseBackground": "#34252e",
    "borderColor": "#43303c",
    "buttonColor": "#483a47",
    "selectionInactive": "#3b2837",
    "identifierHighlight": "#432f3a",
    "selectionBackground": "#553854",
    "selectionBackgroundTransparent": "#553854AA",
    "searchBackground": "#195A80",
    "searchForeground": "#fbfbfb",
    "buttonFont": "#ada89c",
    "foregroundColor": "#b0b0b0",
    "highlightColor": "#432e3b",
    "disabledColor": "#6f5b68",
    "accentColorTransparent": "#78c6d05A",
    "accentColorLessTransparent": "#78c6d09A",
    "accentColorMoreTransparent": "#78c6d02A",
    "accentColor": "#78c6d0",
    "accentContrastColor": "#182f42",
    "infoForeground": "#7ea5c1",
    "startColor": "#595959",
    "stopColor": "#68d7e6",
    "testScopeColor": "#2d3126",
    "popupMask": "#928d8d05",
    "codeBlock": "#332625",
    "foldedTextBackground": "#392831",
    "textEditorBackground": "#2c1f26",
    "constantColor": "#AE9AFF",
    "unusedColor": "#5b545c",
    "classNameColor": "#61ead9",
    "htmlTagColor": "#ea8f73",
    "stringColor": "#F6E9CB",
    "keyColor": "#61c1ea",
    "keywordColor": "#ec9cb2",
    "diff.modified": "#253F4C",
    "diff.inserted": "#223B28",
    "diff.conflict": "#3E2424",
    "diff.deleted": "#343037",
    "lightEditorColor": "#34242d",
    "breakpointColor": "#4b3e2f",
    "breakpointActiveColor": "#304926",
    "fileBlue": "#2b3550",
    "fileGray": "#3b3035",
    "fileRose": "#4a2638",
    "fileOrange": "#513325",
    "fileViolet": "#392748",
    "fileYellow": "#473a29",
    "fileRed": "#462127",
    "filePurple": "#382140"
  },
  "characterId": "4409534d-ba67-4825-88df-8c867a3c55bb"
}