{
  "id": "a1da4f2f-e736-40e7-86d9-9167a247da93",
  "name": "Jabami Yumeko",
  "displayName": "Yumeko",
  "dark": true,
  "author": "Unthrottled",
  "group": "Kakegurui",
  "stickers": {
    "default": {
      "name": "yumeko_dark.png",
      "anchor": "right",
      "opacity": 8
    }
  },
  "overrides": {
    "editorScheme": {
      "colors": {
        "accentColor": "#b48fec",
        "startColor": "#ffa037"
      }
    }
  },
  "colors": {
    "caretRow": "#1e0607",
    "lineNumberColor": "#97706f",
    "infoForeground": "#7e2a2a",
    "completionWindowBackground": "#32393F",
    "baseIconColor": "#795555",
    "contrastColor": "#2e090b",
    "nonProjectFileScopeColor": "#130700",
    "secondaryBackground": "#160304",
    "selectionForeground": "#fbfbfb",
    "headerColor": "#0b0000",
    "baseBackground": "#070000",
    "borderColor": "#1e0000",
    "buttonColor": "#2b0808",
    "selectionInactive": "#220708",
    "identifierHighlight": "#220708",
    "selectionBackground": "#390c10",
    "selectionBackgroundTransparent": "#390c10aa",
    "searchBackground": "#2a6121",
    "searchForeground": "#fbfbfb",
    "buttonFont": "#a67676",
    "foregroundColor": "#dbdbdb",
    "startColor": "#491b1b",
    "highlightColor": "#2e090b",
    "disabledColor": "#584445",
    "accentColorTransparent": "#8a18205A",
    "accentColorLessTransparent": "#8a18209A",
    "accentColorMoreTransparent": "#8a18202A",
    "accentColor": "#8a1820",
    "accentContrastColor": "#3f3d42",
    "stopColor": "#9a101f",
    "testScopeColor": "#0f0a00",
    "popupMask": "#EAEAF005",
    "codeBlock": "#1d0406",
    "textEditorBackground": "#050000",
    "foldedTextBackground": "#280a0b",
    "comments": "#735253",
    "constantColor": "#e4ff10",
    "classNameColor": "#7092ea",
    "htmlTagColor": "#4fcad5",
    "stringColor": "#F6E3CC",
    "keyColor": "#42E66C",
    "keywordColor": "#e0474b",
    "diff.deleted": "#1c1214",
    "diff.conflict": "#471316",
    "diff.inserted": "#0c230b",
    "diff.modified": "#121e31",
    "lightEditorColor": "#140404",
    "breakpointColor": "#1a1408",
    "breakpointActiveColor": "#102f07",
    "fileBlue": "#0e1a30",
    "fileGray": "#1e1515",
    "fileRose": "#2d0b18",
    "fileOrange": "#2a1200",
    "fileViolet": "#1c0c27",
    "fileYellow": "#281d07",
    "fileRed": "#280505",
    "filePurple": "#1a041e"
  },
  "characterId": "c936b879-90bf-4ca6-a5d5-ba9b3a20f232"
}