{
  "id": "774ec7ad-d6a0-4d9c-b195-2f54d72ab664",
  "name": "Darkness Dark",
  "displayName": "Darkness",
  "dark": true,
  "author": "Unthrottled",
  "group": "KonoSuba",
  "stickers": {
    "default": {
      "name": "darkness_dark.png",
      "anchor": "center",
      "opacity": 7
    }
  },
  "overrides": {
    "editorScheme": {
      "colors": {
        "accentColor": "#f4fa8c",
        "startColor": "#bb68ee"
      }
    }
  },
  "colors": {
    "caretRow": "#14110d",
    "lineNumberColor": "#666879",
    "infoForeground": "#7c7262",
    "completionWindowBackground": "#22282b",
    "baseIconColor": "#6c6563",
    "contrastColor": "#382416",
    "nonProjectFileScopeColor": "#161602",
    "secondaryBackground": "#100d03",
    "selectionForeground": "#fbfbfb",
    "inactiveBackground": "#292e31",
    "inactiveBackgroundDarker": "#1e2224",
    "headerColor": "#090802",
    "baseBackground": "#080703",
    "borderColor": "#1c1500",
    "buttonColor": "#1e1c19",
    "selectionInactive": "#1d1704",
    "identifierHighlight": "#1d1704",
    "selectionBackground": "#553919",
    "selectionBackgroundTransparent": "#553919AA",
    "searchBackground": "#144824",
    "searchForeground": "#fbfbfb",
    "buttonFont": "#a7a7a7",
    "foregroundColor": "#c3c3c3",
    "startColor": "#494949",
    "highlightColor": "#2b190e",
    "disabledColor": "#6f6f6f",
    "accentColorTransparent": "#e997455A",
    "accentColorLessTransparent": "#e997459A",
    "accentColorMoreTransparent": "#e997452A",
    "accentColor": "#e99745",
    "accentContrastColor": "#5a3b1c",
    "stopColor": "#ee6a12",
    "testScopeColor": "#091202",
    "popupMask": "#EAEAF00A",
    "codeBlock": "#191715",
    "textEditorBackground": "#0a0904",
    "foldedTextBackground": "#191813",
    "classNameColor": "#d53a4a",
    "htmlTagColor": "#a28a92",
    "stringColor": "#4593f5",
    "keywordColor": "#ffba2f",
    "keyColor": "#3492b1",
    "diff.deleted": "#33342F",
    "lightEditorColor": "#100e09",
    "breakpointColor": "#1e1c0c",
    "breakpointActiveColor": "#14360b",
    "fileBlue": "#0c2132",
    "fileGray": "#1c1b17",
    "fileRose": "#2b111a",
    "fileOrange": "#291902",
    "fileViolet": "#1a1329",
    "fileYellow": "#262409",
    "fileRed": "#260c07",
    "filePurple": "#180b20"
  },
  "characterId": "cb6f524e-c8b1-4c85-817d-af9f80db5ec0"
}