{
  "id": "c5e92ad9-2fa0-491e-b92a-48ab92d13597",
  "name": "Rias: Crimson",
  "displayName": "Rias",
  "dark": true,
  "author": "Unthrottled",
  "group": "High School DxD",
  "stickers": {
    "default": {
      "name": "rias_dark.png",
      "anchor": "center",
      "opacity": 7
    }
  },
  "overrides": {
    "editorScheme": {
      "colors": {
        "accentColor": "#fbf96e",
        "startColor": "#e03392"
      }
    }
  },
  "colors": {
    "caretRow": "#491818",
    "lineNumberColor": "#cdb0b0",
    "infoForeground": "#cdacac",
    "completionWindowBackground": "#32393F",
    "baseIconColor": "#9e898e",
    "contrastColor": "#681b1b",
    "nonProjectFileScopeColor": "#3e1c13",
    "secondaryBackground": "#401010",
    "selectionForeground": "#fbfbfb",
    "inactiveBackground": "#2a272e",
    "inactiveBackgroundDarker": "#333037",
    "headerColor": "#3d1313",
    "baseBackground": "#401112",
    "borderColor": "#551818",
    "buttonColor": "#611c1c",
    "selectionInactive": "#491818",
    "identifierHighlight": "#491818",
    "selectionBackground": "#822e2e",
    "selectionBackgroundTransparent": "#822e2eaa",
    "searchBackground": "#181212",
    "searchForeground": "#fbfbfb",
    "buttonFont": "#996b6b",
    "foregroundColor": "#fafafa",
    "startColor": "#5a1f1f",
    "highlightColor": "#4c1818",
    "comments": "#a47272",
    "disabledColor": "#6f4f4a",
    "accentColorTransparent": "#e039435A",
    "accentColorLessTransparent": "#e039439A",
    "accentColorMoreTransparent": "#e039432A",
    "accentColor": "#e03943",
    "accentContrastColor": "#271c21",
    "stopColor": "#ec081e",
    "testScopeColor": "#3d2313",
    "popupMask": "#EAEAF00A",
    "codeBlock": "#491818",
    "textEditorBackground": "#3E1010",
    "foldedTextBackground": "#491818",
    "contstantColor": "#84A7FF",
    "classNameColor": "#e03392",
    "htmlTagColor": "#EA5B7B",
    "stringColor": "#9BBEE3",
    "keyColor": "#eea367",
    "keywordColor": "#C04750",
    "diff.deleted": "#412a2b",
    "diff.conflict": "#57171a",
    "diff.inserted": "#102d0e",
    "diff.modified": "#1c2331",
    "lightEditorColor": "#451515",
    "breakpointColor": "#4e2317",
    "breakpointActiveColor": "#3f3c14",
    "fileBlue": "#362a3f",
    "fileGray": "#462424",
    "fileRose": "#561a27",
    "fileOrange": "#53210f",
    "fileViolet": "#441c37",
    "fileYellow": "#532e17",
    "fileRed": "#521515",
    "filePurple": "#44152e"
  },
  "characterId": "ae37c6ec-82fa-4e8b-b1a5-e7c2f4621fc6"
}