{
  "id": "bac375a4-abb3-44d5-9bef-8039eb83fec0",
  "name": "Asuna Dark",
  "displayName": "Asuna",
  "dark": true,
  "author": "Unthrottled",
  "group": "Sword Art Online",
  "stickers": {
    "default": {
      "name": "asuna_dark.png",
      "anchor": "center",
      "opacity": 9
    }
  },
  "overrides": {
    "editorScheme": {
      "colors": {
        "accentColor": "#579DFA",
        "startColor": "#e4ff10"
      }
    }
  },
  "colors": {
    "comments": "#41495A",
    "caretRow": "#1f1f1f",
    "lineNumberColor": "#5d5051",
    "infoForeground": "#7a3f41",
    "completionWindowBackground": "#302c2f",
    "baseIconColor": "#766A6B",
    "contrastColor": "#331d22",
    "nonProjectFileScopeColor": "#20221c",
    "secondaryBackground": "#1c1c1c",
    "selectionForeground": "#fbfbfb",
    "inactiveBackground": "#2a272e",
    "inactiveBackgroundDarker": "#333037",
    "headerColor": "#1e1e1e",
    "baseBackground": "#202020",
    "borderColor": "#2a2929",
    "buttonColor": "#272524",
    "selectionInactive": "#262626",
    "identifierHighlight": "#313131",
    "selectionBackground": "#531616",
    "selectionBackgroundTransparent": "#531616AA",
    "searchBackground": "#A8A117",
    "searchForeground": "#0e0505",
    "buttonFont": "#998c92",
    "foregroundColor": "#bbbbbb",
    "startColor": "#4a4a4a",
    "highlightColor": "#282828",
    "disabledColor": "#6f606b",
    "accentColorTransparent": "#99202c5A",
    "accentColorLessTransparent": "#99202c9A",
    "accentColorMoreTransparent": "#99202c2A",
    "accentColor": "#99202c",
    "accentContrastColor": "#271c21",
    "stopColor": "#ab2228",
    "testScopeColor": "#1d231d",
    "popupMask": "#EAEAF005",
    "codeBlock": "#232323",
    "unusedColor": "#3D3D42",
    "textEditorBackground": "#1b1b1b",
    "foldedTextBackground": "#212121",
    "classNameColor": "#7ECAFA",
    "htmlTagColor": "#FF6363",
    "stringColor": "#FFD86E",
    "keyColor": "#FCA57E",
    "keywordColor": "#e0474b",
    "diff.deleted": "#242426",
    "diff.inserted": "#1B3B1C",
    "lightEditorColor": "#1d1d1d",
    "breakpointColor": "#2e2d21",
    "breakpointActiveColor": "#22451d",
    "fileBlue": "#1d3348",
    "fileGray": "#2d2d2d",
    "fileRose": "#3c2330",
    "fileOrange": "#3a2a18",
    "fileViolet": "#2b2540",
    "fileYellow": "#383720",
    "fileRed": "#381f1f",
    "filePurple": "#2a1e38"
  },
  "characterId": "671dd390-221c-48f1-b6c3-396da56a2a3a"
}