{
  "id": "98878c8e-9f91-4e25-930d-dd7d280d9e35",
  "name": "Mai Light",
  "displayName": "Mai",
  "dark": false,
  "author": "Unthrottled",
  "group": "Bunny Senpai",
  "stickers": {
    "default": {
      "name": "mai_light.png",
      "anchor": "right",
      "opacity": 10
    },
    "secondary": {
      "name": "mai_light_spicy.png",
      "anchor": "right",
      "opacity": 13
    }
  },
  "overrides": {
    "editorScheme": {
      "colors": {
        "accentColor": "#BA2BB2"
      }
    }
  },
  "colors": {
    "caretRow": "#f1ecf2",
    "lineNumberColor": "#aaaaaa",
    "infoForeground": "#6564ac",
    "baseIconColor": "#85838b",
    "contrastColor": "#cfd1f6",
    "nonProjectFileScopeColor": "#fef8e7",
    "secondaryBackground": "#f8efee",
    "selectionForeground": "#393d45",
    "inactiveBackground": "#E4E4EE",
    "inactiveBackgroundDarker": "#E1E2ED",
    "headerColor": "#fff7f6",
    "baseBackground": "#fbf3f2",
    "borderColor": "#e6d8d7",
    "buttonColor": "#d7dcf1",
    "selectionInactive": "#f1ecf2",
    "identifierHighlight": "#e7f1ff",
    "selectionBackground": "#b1b0d2",
    "selectionBackgroundTransparent": "#a0a5d233",
    "searchBackground": "#C3E8FF",
    "searchForeground": "#2d4d21",
    "buttonFont": "#4c4a4f",
    "foregroundColor": "#252427",
    "startColor": "#3b3e6d",
    "highlightColor": "#ede5e4",
    "disabledColor": "#a2accb",
    "accentColorTransparent": "#4f52875A",
    "accentColorLessTransparent": "#4f52879A",
    "accentColorMoreTransparent": "#4f52872A",
    "accentColor": "#4f5287",
    "stopColor": "#aba9dd",
    "testScopeColor": "#f3f9ed",
    "comments": "#64757d",
    "popupMask": "#fbf3f230",
    "codeBlock": "#eaecf6",
    "textEditorBackground": "#FAF2F1",
    "foldedTextBackground": "#f0e8e7",
    "classNameColor": "#4f5287",
    "htmlTagColor": "#4C5ED6",
    "stringColor": "#d27f2d",
    "keyColor": "#C869A3",
    "constantColor": "#4C94D6",
    "keywordColor": "#7C75EF",
    "diff.deleted": "#E9E3E7",
    "lightEditorColor": "#f5eef2",
    "breakpointColor": "#fcf2c5",
    "breakpointActiveColor": "#c0f6b2",
    "fileBlue": "#d4e3f8",
    "fileGray": "#e4dddd",
    "fileRose": "#f3c9db",
    "fileOrange": "#f7d1b1",
    "fileViolet": "#efd8f5",
    "fileYellow": "#f1e9b8",
    "fileRed": "#f0b4b3",
    "filePurple": "#d2b3ea"
  },
  "characterId": "1de4498f-a162-4418-b764-55b141c5478b"
}