{
  "id": "91d0931d-3e1d-4101-b923-278ce264f0f5",
  "name": "Jahy",
  "displayName": "Jahy",
  "dark": true,
  "author": "Unthrottled",
  "group": "The Great Jahy Will Not Be Defeated",
  "stickers": {
    "default": {
      "name": "jahy_dark_smol.png",
      "anchor": "right",
      "opacity": 9
    }
  },
  "overrides": {
    "editorScheme": {
      "colors": {
        "accentColor": "#9581EC",
        "startColor": "#597cee"
      }
    }
  },
  "colors": {
    "comments": "#816F93",
    "caretRow": "#2f1336",
    "lineNumberColor": "#656079",
    "baseIconColor": "#6c677a",
    "contrastColor": "#3d2d3d",
    "nonProjectFileScopeColor": "#261d2d",
    "secondaryBackground": "#220e29",
    "selectionForeground": "#fbfbfb",
    "headerColor": "#1e1430",
    "baseBackground": "#221738",
    "borderColor": "#322252",
    "buttonColor": "#352544",
    "selectionInactive": "#2c1a36",
    "identifierHighlight": "#2a1947",
    "selectionBackground": "#452346",
    "selectionBackgroundTransparent": "#452346AA",
    "searchBackground": "#7B1212",
    "searchForeground": "#fefefe",
    "buttonFont": "#ada19c",
    "foregroundColor": "#cbcbcb",
    "highlightColor": "#3a1b44",
    "disabledColor": "#655b6f",
    "accentColorTransparent": "#8744885A",
    "accentColorLessTransparent": "#8744889A",
    "accentColorMoreTransparent": "#8744882A",
    "accentColor": "#874488",
    "accentContrastColor": "#182f42",
    "infoForeground": "#ad9e6e",
    "startColor": "#534e57",
    "stopColor": "#e6be68",
    "testScopeColor": "#1c212d",
    "popupMask": "#928d8d05",
    "codeBlock": "#2c0e29",
    "foldedTextBackground": "#2f143b",
    "textEditorBackground": "#1b102e",
    "errorColor": "#ff2525",
    "constantColor": "#EA7797",
    "unusedColor": "#545c5b",
    "classNameColor": "#E77FD5",
    "htmlTagColor": "#8BEF85",
    "stringColor": "#f3b085",
    "keyColor": "#eec45e",
    "keywordColor": "#D53232",
    "diff.modified": "#183059",
    "diff.inserted": "#122C12",
    "diff.conflict": "#3F1A22",
    "diff.deleted": "#231F31",
    "lightEditorColor": "#271233",
    "breakpointColor": "#2e2333",
    "breakpointActiveColor": "#223c2d",
    "fileBlue": "#1d2a57",
    "fileGray": "#2d253c",
    "fileRose": "#3c1b3f",
    "fileOrange": "#3a2227",
    "fileViolet": "#2b1c4e",
    "fileYellow": "#382f30",
    "fileRed": "#38162e",
    "filePurple": "#2a1647"
  },
  "characterId": "63ef8ce5-4582-434b-9929-bc8948148e0f"
}