{
  "id": "b93ab4ea-ff96-4459-8fa2-0caae5bc7116",
  "name": "Kanna",
  "displayName": "Kanna",
  "dark": true,
  "author": "Unthrottled",
  "group": "Miss Kobayashi's Dragon Maid",
  "stickers": {
    "default": {
      "name": "kanna_dark.png",
      "anchor": "center",
      "opacity": 7
    },
    "secondary": {
      "name": "kanna_dark_secondary.png",
      "anchor": "center",
      "opacity": 7
    }
  },
  "overrides": {
    "editorScheme": {
      "colors": {
        "accentColor": "#69ecf5",
        "startColor": "#ff69df",
        "nonProjectFileScopeColor": "#221d29",
        "testScopeColor": "#232c31"
      }
    }
  },
  "colors": {
    "caretRow": "#231a31",
    "lineNumberColor": "#6a6679",
    "completionWindowBackground": "#24222b",
    "baseIconColor": "#7f7e82",
    "contrastColor": "#272634",
    "nonProjectFileScopeColor": "#1f1a25",
    "secondaryBackground": "#150f20",
    "selectionForeground": "#fbfbfb",
    "inactiveBackground": "#2a2931",
    "inactiveBackgroundDarker": "#1f1e24",
    "headerColor": "#1a1526",
    "baseBackground": "#1b1529",
    "borderColor": "#221f2e",
    "buttonColor": "#262732",
    "selectionInactive": "#231a31",
    "identifierHighlight": "#281d3b",
    "selectionBackground": "#492744",
    "selectionBackgroundTransparent": "#492744AA",
    "searchBackground": "#665DA6",
    "searchForeground": "#fbfbfb",
    "buttonFont": "#a0a0a7",
    "foregroundColor": "#d0d0d0",
    "startColor": "#3f3c45",
    "highlightColor": "#241c33",
    "disabledColor": "#6f6f6f",
    "accentColorTransparent": "#46459e5A",
    "accentColorLessTransparent": "#46459e9A",
    "accentColorMoreTransparent": "#46459e2A",
    "accentColor": "#46459e",
    "accentColorOverride": "#a363db",
    "accentColorOverrideTransparent": "#a363db5A",
    "accentColorOverrideMoreTransparent": "#a363db2A",
    "accentContrastColor": "#272727",
    "infoForeground": "#9d79c2",
    "stopColor": "#344acb",
    "testScopeColor": "#181A24",
    "popupMask": "#8d7fc109",
    "codeBlock": "#1d152d",
    "foldedTextBackground": "#251832",
    "textEditorBackground": "#1a1426",
    "classNameColor": "#6AADFF",
    "htmlTagColor": "#BD84DD",
    "stringColor": "#FAF7BA",
    "keyColor": "#FF357C",
    "keywordColor": "#d285fd",
    "diff.inserted": "#192f24",
    "diff.deleted": "#2D2A36",
    "lightEditorColor": "#1f182d",
    "breakpointColor": "#2d262b",
    "breakpointActiveColor": "#213f26",
    "fileBlue": "#1a2b4f",
    "fileGray": "#2a2634",
    "fileRose": "#391c37",
    "fileOrange": "#36231f",
    "fileViolet": "#281d46",
    "fileYellow": "#352f27",
    "fileRed": "#341725",
    "filePurple": "#26163f"
  },
  "characterId": "afd848f6-c214-446c-b577-5122710c08ee"
}