{
  "id": "5de1c901-2a12-411f-b75b-64e43aaf2c9d",
  "name": "Gray",
  "displayName": "Gray",
  "dark": true,
  "author": "Unthrottled",
  "group": "Type-Moon",
  "stickers": {
    "default": {
      "name": "gray_dark.png",
      "anchor": "right",
      "opacity": 6
    }
  },
  "overrides": {
    "editorScheme": {
      "colors": {
        "accentColor": "#84D0FF",
        "startColor": "#597cee"
      }
    }
  },
  "colors": {
    "comments": "#6b7b80",
    "caretRow": "#353d41",
    "lineNumberColor": "#556c6a",
    "baseIconColor": "#6e7b7d",
    "contrastColor": "#2d5548",
    "nonProjectFileScopeColor": "#373e3a",
    "secondaryBackground": "#363e3e",
    "selectionForeground": "#fbfbfb",
    "headerColor": "#363b3d",
    "baseBackground": "#3b3f41",
    "borderColor": "#424648",
    "buttonColor": "#414648",
    "selectionInactive": "#324142",
    "identifierHighlight": "#324142",
    "selectionBackground": "#295043",
    "selectionBackgroundTransparent": "#295043AA",
    "searchBackground": "#3F6F80",
    "searchForeground": "#fbfbfb",
    "buttonFont": "#ada89c",
    "foregroundColor": "#b0b0b0",
    "highlightColor": "#324344",
    "disabledColor": "#6f6f6f",
    "accentColorTransparent": "#4ed4b05A",
    "accentColorLessTransparent": "#4ed4b09A",
    "accentColorMoreTransparent": "#4ed4b02A",
    "accentColor": "#4ed4b0",
    "accentContrastColor": "#1D4230",
    "infoForeground": "#b0a17f",
    "startColor": "#595959",
    "stopColor": "#597cee",
    "testScopeColor": "#2e3f3a",
    "popupMask": "#928d8d05",
    "codeBlock": "#323f41",
    "foldedTextBackground": "#3c4443",
    "textEditorBackground": "#35393b",
    "constantColor": "#ec9cb2",
    "unusedColor": "#545c5b",
    "classNameColor": "#89acf6",
    "htmlTagColor": "#788a8b",
    "stringColor": "#F6E9CB",
    "keyColor": "#61ead9",
    "keywordColor": "#9f73ea",
    "diff.modified": "#233352",
    "diff.inserted": "#223622",
    "diff.conflict": "#442222",
    "diff.deleted": "#3f4244",
    "lightEditorColor": "#353b3f",
    "breakpointColor": "#46483f",
    "breakpointActiveColor": "#375d37",
    "fileBlue": "#314a62",
    "fileGray": "#414546",
    "fileRose": "#503b49",
    "fileOrange": "#4d4232",
    "fileViolet": "#3f3c59",
    "fileYellow": "#4d503b",
    "fileRed": "#4c3739",
    "filePurple": "#3e3752"
  },
  "characterId": "2f3b4e72-a46d-42a3-b4d2-d75e404ca824"
}