{
  "id": "8c99ec4b-fda0-4ab7-95ad-a6bf80c3924b",
  "name": "Zero Two Dark",
  "displayName": "Zero Two",
  "dark": true,
  "author": "Unthrottled",
  "group": "Darling in the Franxx",
  "stickers": {
    "default": {
      "name": "zero_two_dark.png",
      "anchor": "center",
      "opacity": 8
    }
  },
  "overrides": {
    "editorScheme": {
      "colors": {
        "startColor": "#FFB86C",
        "accentColor": "#efa2da"
      }
    }
  },
  "colors": {
    "caretRow": "#3c1414",
    "lineNumberColor": "#a87975",
    "infoForeground": "#b19e78",
    "completionWindowBackground": "#32393F",
    "baseIconColor": "#815f59",
    "contrastColor": "#681b1b",
    "nonProjectFileScopeColor": "#34180e",
    "secondaryBackground": "#330e0e",
    "selectionForeground": "#fbfbfb",
    "inactiveBackground": "#2a272e",
    "inactiveBackgroundDarker": "#333037",
    "headerColor": "#300d0e",
    "baseBackground": "#330f10",
    "borderColor": "#481818",
    "buttonColor": "#541819",
    "selectionInactive": "#3c1818",
    "identifierHighlight": "#491e1e",
    "selectionBackground": "#531e1e",
    "selectionBackgroundTransparent": "#531e1eaa",
    "searchBackground": "#268B61",
    "searchForeground": "#fbfbfb",
    "buttonFont": "#b2918a",
    "foregroundColor": "#efefef",
    "startColor": "#5a1f1f",
    "highlightColor": "#461819",
    "disabledColor": "#6f4f4a",
    "accentColorTransparent": "#e4dad45A",
    "accentColorLessTransparent": "#e4dad49A",
    "accentColorMoreTransparent": "#e4dad42A",
    "accentColor": "#e4dad4",
    "accentContrastColor": "#271c21",
    "stopColor": "#ec081e",
    "testScopeColor": "#350d1c",
    "popupMask": "#EAEAF00A",
    "codeBlock": "#3c1616",
    "textEditorBackground": "#310f0f",
    "foldedTextBackground": "#3c1515",
    "comments": "#a47272",
    "unusedColor": "#54545B",
    "constantColor": "#34a7d1",
    "classNameColor": "#FFB86C",
    "htmlTagColor": "#E356A7",
    "stringColor": "#e2d9bd",
    "keyColor": "#C04750",
    "keywordColor": "#39e6a6",
    "diff.deleted": "#412a2b",
    "diff.conflict": "#57171a",
    "diff.inserted": "#102d0e",
    "diff.modified": "#1c2331",
    "lightEditorColor": "#381212",
    "breakpointColor": "#422216",
    "breakpointActiveColor": "#343b14",
    "fileBlue": "#2c253b",
    "fileGray": "#3c1f20",
    "fileRose": "#4b1523",
    "fileOrange": "#481d0b",
    "fileViolet": "#3a1733",
    "fileYellow": "#482913",
    "fileRed": "#471011",
    "filePurple": "#39102a"
  },
  "characterId": "1d95afa2-3346-45e6-951f-2e48352ede90"
}