{
  "id": "5412c41d-f76b-4488-85a7-1ae1a63bbfcc",
  "name": "Takanashi Rikka",
  "displayName": "Rikka",
  "dark": true,
  "author": "Unthrottled",
  "group": "Chuunibyou",
  "stickers": {
    "default": {
      "name": "rikka_dark.png",
      "anchor": "center",
      "opacity": 12
    }
  },
  "overrides": {
    "editorScheme": {
      "colors": {
        "accentColor": "#65CDFA",
        "startColor": "#E356A7"
      }
    }
  },
  "colors": {
    "caretRow": "#2b233a",
    "lineNumberColor": "#8e6e7b",
    "baseIconColor": "#8e7480",
    "contrastColor": "#46192c",
    "nonProjectFileScopeColor": "#2f2c23",
    "secondaryBackground": "#16121e",
    "selectionForeground": "#fbfbfb",
    "headerColor": "#1d1926",
    "baseBackground": "#231e2d",
    "borderColor": "#2f283c",
    "buttonColor": "#492f41",
    "selectionInactive": "#3d182a",
    "identifierHighlight": "#462F49",
    "selectionBackground": "#761d3a",
    "selectionBackgroundTransparent": "#761d3aAA",
    "searchBackground": "#277FA5",
    "searchForeground": "#fbfbfb",
    "buttonFont": "#a7a7a7",
    "foregroundColor": "#bbbbbb",
    "startColor": "#53464b",
    "highlightColor": "#46192c",
    "disabledColor": "#745c65",
    "accentColorTransparent": "#dd2a625A",
    "accentColorLessTransparent": "#dd2a629A",
    "accentColorMoreTransparent": "#dd2a622A",
    "accentColor": "#dd2a62",
    "accentContrastColor": "#19181e",
    "infoForeground": "#bd7e99",
    "stopColor": "#f3c61f",
    "testScopeColor": "#1c2f24",
    "popupMask": "#928d8d05",
    "codeBlock": "#351929",
    "textEditorBackground": "#1e1928",
    "foldedTextBackground": "#2b2538",
    "comments": "#bf88a4",
    "errorColor": "#ff2525",
    "unusedColor": "#5c5157",
    "constantColor": "#F9FC88",
    "classNameColor": "#67F5C4",
    "htmlTagColor": "#AC99FC",
    "stringColor": "#FFB4F8",
    "keyColor": "#8C92FC",
    "keywordColor": "#de4371",
    "diff.modified": "#1B2B4B",
    "diff.inserted": "#0F2F1D",
    "diff.conflict": "#441919",
    "diff.deleted": "#292231",
    "lightEditorColor": "#261f33",
    "breakpointColor": "#3f3931",
    "breakpointActiveColor": "#254428",
    "fileBlue": "#1c2e4f",
    "fileGray": "#2c2934",
    "fileRose": "#3c1f37",
    "fileOrange": "#432c24",
    "fileViolet": "#2a2146",
    "fileYellow": "#373327",
    "fileRed": "#371a25",
    "filePurple": "#291a3f"
  },
  "characterId": "50e47cee-b269-4a73-bd15-a78a7113be09"
}