{
  "id": "3546f7be-b84f-4b8e-8cad-effa3f4603af",
  "name": "Tohsaka Rin",
  "displayName": "Rin",
  "conflictName": "Tohsaka Rin",
  "dark": true,
  "author": "Unthrottled",
  "group": "Fate",
  "stickers": {
    "default": {
      "name": "rin_dark_v2.png",
      "anchor": "right",
      "opacity": 7
    }
  },
  "overrides": {
    "editorScheme": {
      "colors": {
        "accentColor": "#69e0f5",
        "startColor": "#68ee75"
      }
    }
  },
  "colors": {
    "caretRow": "#22191b",
    "lineNumberColor": "#847878",
    "completionWindowBackground": "#2b2222",
    "baseIconColor": "#818181",
    "contrastColor": "#312626",
    "nonProjectFileScopeColor": "#21211f",
    "secondaryBackground": "#151314",
    "selectionForeground": "#fbfbfb",
    "inactiveBackground": "#292e31",
    "inactiveBackgroundDarker": "#1e2224",
    "headerColor": "#1b191a",
    "baseBackground": "#191718",
    "borderColor": "#211e1e",
    "buttonColor": "#232121",
    "selectionInactive": "#361b1c",
    "identifierHighlight": "#322d30",
    "selectionBackground": "#501F1F",
    "selectionBackgroundTransparent": "#501F1FAA",
    "searchBackground": "#225041",
    "searchForeground": "#fbfbfb",
    "buttonFont": "#a7a7a7",
    "foregroundColor": "#bbbbbb",
    "startColor": "#494949",
    "highlightColor": "#251719",
    "disabledColor": "#6f6f6f",
    "accentColorTransparent": "#4c96975A",
    "accentColorLessTransparent": "#4c96979A",
    "accentColorMoreTransparent": "#4c96972A",
    "accentColor": "#4c9697",
    "accentContrastColor": "#19181e",
    "infoForeground": "#86a4ab",
    "stopColor": "#ee2726",
    "testScopeColor": "#151e15",
    "popupMask": "#928d8d05",
    "codeBlock": "#211D1E",
    "comments": "#4c8484",
    "textEditorBackground": "#161415",
    "foldedTextBackground": "#211D1E",
    "errorColor": "#C20000",
    "unusedColor": "#67414A",
    "classNameColor": "#EFA554",
    "htmlTagColor": "#FC5773",
    "stringColor": "#72F8B5",
    "keyColor": "#e0474b",
    "keywordColor": "#859395",
    "diff.modified": "#1A233D",
    "diff.inserted": "#142D14",
    "diff.conflict": "#422121",
    "diff.deleted": "#242424",
    "lightEditorColor": "#1d1719",
    "breakpointColor": "#29261c",
    "breakpointActiveColor": "#1e3f19",
    "fileBlue": "#1b2e45",
    "fileGray": "#2b292a",
    "fileRose": "#3a1f2d",
    "fileOrange": "#372615",
    "fileViolet": "#29213c",
    "fileYellow": "#36331d",
    "fileRed": "#351a1b",
    "filePurple": "#271a34"
  },
  "characterId": "3dc1a196-c4e2-4f15-a8a1-53bbc981d090"
}