{
  "id": "930c70c8-474e-4e2d-a223-d1e2b9da4fb1",
  "name": "Astolfo",
  "displayName": "Astolfo",
  "dark": true,
  "author": "Unthrottled",
  "group": "Fate",
  "stickers": {
    "default": {
      "name": "astolfo_dark.png",
      "anchor": "right",
      "opacity": 7
    }
  },
  "overrides": {
    "editorScheme": {
      "colors": {
        "accentColor": "#efa554",
        "startColor": "#E356A7"
      }
    }
  },
  "colors": {
    "caretRow": "#20221f",
    "lineNumberColor": "#8e856e",
    "completionWindowBackground": "#2b2222",
    "baseIconColor": "#837e6f",
    "contrastColor": "#312e26",
    "nonProjectFileScopeColor": "#1e2015",
    "secondaryBackground": "#141513",
    "selectionForeground": "#fbfbfb",
    "inactiveBackground": "#292e31",
    "inactiveBackgroundDarker": "#1e2224",
    "headerColor": "#181917",
    "baseBackground": "#171816",
    "borderColor": "#212220",
    "buttonColor": "#242422",
    "selectionInactive": "#261c20",
    "identifierHighlight": "#30312F",
    "selectionBackground": "#501C1C",
    "selectionBackgroundTransparent": "#501C1CAA",
    "searchBackground": "#753B78",
    "searchForeground": "#fbfbfb",
    "buttonFont": "#a7a7a7",
    "foregroundColor": "#bbbbbb",
    "startColor": "#494949",
    "highlightColor": "#241517",
    "disabledColor": "#6f6f6f",
    "accentColorTransparent": "#d58d9c5A",
    "accentColorLessTransparent": "#d58d9c9A",
    "accentColorMoreTransparent": "#d58d9c2A",
    "accentColor": "#d58d9c",
    "accentContrastColor": "#19181e",
    "infoForeground": "#957a4d",
    "stopColor": "#eecc4b",
    "testScopeColor": "#172215",
    "popupMask": "#928d8d05",
    "codeBlock": "#201d1d",
    "textEditorBackground": "#1a1c19",
    "foldedTextBackground": "#211D1E",
    "errorColor": "#ff2525",
    "unusedColor": "#63625D",
    "constantColor": "#a7a0d1",
    "classNameColor": "#f5c9fc",
    "htmlTagColor": "#e87bc3",
    "stringColor": "#cd5257",
    "keyColor": "#f6ebb7",
    "keywordColor": "#d776ae",
    "diff.modified": "#1A233D",
    "diff.inserted": "#142D14",
    "diff.conflict": "#422121",
    "diff.deleted": "#242424",
    "lightEditorColor": "#1e201d",
    "breakpointColor": "#2d2e1f",
    "breakpointActiveColor": "#21461c",
    "fileBlue": "#182e43",
    "fileGray": "#282928",
    "fileRose": "#381f2b",
    "fileOrange": "#352613",
    "fileViolet": "#26213a",
    "fileYellow": "#33331a",
    "fileRed": "#331a19",
    "filePurple": "#251a32"
  },
  "characterId": "72973cad-8d0d-4990-81f1-cdb58435cd08"
}