{
  "id": "325c5d4d-5614-4c58-b296-18924f2f6928",
  "name": "Ishtar Light",
  "displayName": "Ishtar",
  "dark": false,
  "author": "Unthrottled",
  "group": "Fate",
  "stickers": {
    "default": {
      "name": "ishtar_light.png",
      "anchor": "center",
      "opacity": 10
    }
  },
  "overrides": {
    "editorScheme": {
      "colors": {
        "accentColor": "#9c3123"
      }
    }
  },
  "colors": {
    "caretRow": "#fffaed",
    "lineNumberColor": "#aaaaaa",
    "infoForeground": "#5078a5",
    "completionWindowBackground": "#eae9e5",
    "baseIconColor": "#85838b",
    "contrastColor": "#f6ebd5",
    "nonProjectFileScopeColor": "#fcfdf3",
    "secondaryBackground": "#fcfcfa",
    "selectionForeground": "#393d45",
    "inactiveBackground": "#eee4e4",
    "inactiveBackgroundDarker": "#ede1e1",
    "headerColor": "#fffefb",
    "baseBackground": "#fffffc",
    "borderColor": "#eeeeee",
    "buttonColor": "#fffef7",
    "selectionInactive": "#fef9ea",
    "identifierHighlight": "#fefadf",
    "selectionBackground": "#fff5c7",
    "selectionBackgroundTransparent": "#fff5c733",
    "searchBackground": "#FFC7C7",
    "searchForeground": "#393d45",
    "buttonFont": "#252427",
    "foregroundColor": "#252427",
    "startColor": "#a01618",
    "highlightColor": "#fff9db",
    "disabledColor": "#A2B6CB",
    "accentColorTransparent": "#f5a8215A",
    "accentColorLessTransparent": "#f5a8219A",
    "accentColorMoreTransparent": "#f5a8212A",
    "accentColor": "#f5a821",
    "stopColor": "#ec081e",
    "testScopeColor": "#ecfded",
    "popupMask": "#fffefb30",
    "codeBlock": "#f6f6f6",
    "textEditorBackground": "#fffefb",
    "foldedTextBackground": "#f6f6f6",
    "classNameColor": "#131f3b",
    "htmlTagColor": "#e53935",
    "stringColor": "#a18649",
    "keyColor": "#0d5fa6",
    "keywordColor": "#db974d",
    "constantColor": "#4C94D6",
    "lightEditorColor": "#fffcf3",
    "breakpointColor": "#fffbcc",
    "breakpointActiveColor": "#c3feb9",
    "fileBlue": "#d4e8fc",
    "fileGray": "#e4e3e1",
    "fileRose": "#f3cedf",
    "fileOrange": "#f7d6b4",
    "fileViolet": "#efdef9",
    "fileYellow": "#f1eebb",
    "fileRed": "#f0b9b7",
    "filePurple": "#d2b8ee"
  },
  "characterId": "36273765-af8d-4832-aa12-8e83ba7f75ae"
}