{
  "id": "df23dabc-61eb-4559-a504-992786964602",
  "name": "Raphtalia",
  "displayName": "Raphtalia",
  "dark": true,
  "author": "Unthrottled",
  "group": "The Rising of Shield Hero",
  "stickers": {
    "default": {
      "name": "raphtalia_dark.png",
      "anchor": "right",
      "opacity": 11
    }
  },
  "overrides": {
    "editorScheme": {
      "colors": {
        "accentColor": "#4fe1a9",
        "startColor": "#6be9ff"
      }
    }
  },
  "colors": {
    "comments": "#807571",
    "caretRow": "#2b2016",
    "lineNumberColor": "#6c5f55",
    "baseIconColor": "#7d7871",
    "contrastColor": "#553c2d",
    "nonProjectFileScopeColor": "#33280f",
    "secondaryBackground": "#1e160f",
    "selectionForeground": "#fbfbfb",
    "headerColor": "#1c140f",
    "baseBackground": "#231a13",
    "borderColor": "#30231a",
    "buttonColor": "#3d3328",
    "selectionInactive": "#2f1e10",
    "identifierHighlight": "#3d2e1f",
    "selectionBackground": "#5c3915",
    "selectionBackgroundTransparent": "#5c3915AA",
    "searchBackground": "#2A5F1E",
    "searchForeground": "#fbfbfb",
    "buttonFont": "#ada89c",
    "foregroundColor": "#cccccc",
    "highlightColor": "#3b2315",
    "disabledColor": "#68635d",
    "accentColorTransparent": "#8a3c3d5A",
    "accentColorLessTransparent": "#8a3c3d9A",
    "accentColorMoreTransparent": "#8a3c3d2A",
    "accentColor": "#8a3c3d",
    "accentContrastColor": "#1D4230",
    "infoForeground": "#bfb38c",
    "startColor": "#595959",
    "stopColor": "#ee8952",
    "testScopeColor": "#1d2110",
    "popupMask": "#928d8d05",
    "codeBlock": "#2c1e12",
    "foldedTextBackground": "#2d2318",
    "textEditorBackground": "#1e1710",
    "errorColor": "#ff2525",
    "constantColor": "#8097e3",
    "unusedColor": "#606867",
    "classNameColor": "#FFD448",
    "htmlTagColor": "#d75e88",
    "stringColor": "#FDC78C",
    "keyColor": "#fd9144",
    "keywordColor": "#f19992",
    "diff.modified": "#1B3A47",
    "diff.inserted": "#152F1A",
    "diff.conflict": "#4B2424",
    "diff.deleted": "#282621",
    "lightEditorColor": "#261c14",
    "breakpointColor": "#3f371c",
    "breakpointActiveColor": "#254315",
    "fileBlue": "#1c2a3c",
    "fileGray": "#2c2521",
    "fileRose": "#3b1b24",
    "fileOrange": "#422811",
    "fileViolet": "#2a1c33",
    "fileYellow": "#372f14",
    "fileRed": "#361612",
    "filePurple": "#28162b"
  },
  "characterId": "2103f0b6-f949-4b57-918b-d485e82a324a"
}